*geografické pojmy začínající velkým písmenem, které mají identické slovo v derinetu začínající malým písmenem a nejsou k sobě připojeni
*chybí hrana	zkoumané slovo	nalezené slovo
chybí hrana	Aalen	aalen
chybí hrana	Aberdeen	aberdeen
chybí hrana	Abies	abies
chybí hrana	Adamantina	adamantina
chybí hrana	Akropole	akropole
chybí hrana	Algol	algol
chybí hrana	Alžír	alžír
chybí hrana	Amur	amur
chybí hrana	Anděl	anděl
chybí hrana	Angel	angel
chybí hrana	Anguilla	anguilla
chybí hrana	Anta	anta
chybí hrana	Arba	arba
chybí hrana	Arbor	arbor
chybí hrana	Archeopark	archeopark
chybí hrana	Archeoskanzen	archeoskanzen
chybí hrana	Argentina	argentina
chybí hrana	Arista	arista
chybí hrana	Armagedon	armagedon
chybí hrana	Assis	assis
chybí hrana	Atalanta	atalanta
chybí hrana	Atika	atika
chybí hrana	Attika	attika
chybí hrana	Atlantik	atlantik
chybí hrana	Austin	austin
chybí hrana	Autun	autun
chybí hrana	Avion	avion
chybí hrana	Baba	baba
chybí hrana	Babice	babice
chybí hrana	Babice	babice
chybí hrana	Babylón	babylón
chybí hrana	Babí	babí
chybí hrana	Bachmač	bachmač
chybí hrana	Baden	baden
chybí hrana	Bahno	bahno
chybí hrana	Bajan	bajan
chybí hrana	Balkán	balkán
chybí hrana	Balíkov	balíkov
chybí hrana	Baraba	baraba
chybí hrana	Basa	basa
chybí hrana	Bath	bath
chybí hrana	Baton	baton
chybí hrana	Baňa	baňa
chybí hrana	Bažantice	bažantice
chybí hrana	Belveder	belveder
chybí hrana	Bengo	bengo
chybí hrana	Bermudy	bermudy
chybí hrana	Besednice	besednice
chybí hrana	Betlém	betlém
chybí hrana	Bezovka	bezovka
chybí hrana	Bezďák	bezďák
chybí hrana	Bianco	bianco
chybí hrana	Bikini	bikini
chybí hrana	Biskup	biskup
chybí hrana	Blackjack	blackjack
chybí hrana	Blatnice	blatnice
chybí hrana	Blatnička	blatnička
chybí hrana	Blatník	blatník
chybí hrana	Blato	blato
chybí hrana	Bláto	bláto
chybí hrana	Bobr	bobr
chybí hrana	Bohyně	bohyně
chybí hrana	Bojiště	bojiště
chybí hrana	Bolevák	bolevák
chybí hrana	Bolivar	bolivar
chybí hrana	Bor	bor
chybí hrana	Borek	borek
chybí hrana	Boreček	boreček
chybí hrana	Borovice	borovice
chybí hrana	Bose	bose
chybí hrana	Boučí	boučí
chybí hrana	Bouřňák	bouřňák
chybí hrana	Božec	božec
chybí hrana	Brada	brada
chybí hrana	Bradlo	bradlo
chybí hrana	Branka	branka
chybí hrana	Brdo	brdo
chybí hrana	Brlenka	brlenka
chybí hrana	Brloh	brloh
chybí hrana	Brod	brod
chybí hrana	Broďák	broďák
chybí hrana	Brtnice	brtnice
chybí hrana	Brunšvicko	brunšvicko
chybí hrana	Brusnice	brusnice
chybí hrana	Bránice	bránice
chybí hrana	Brčko	brčko
chybí hrana	Brčálník	brčálník
chybí hrana	Brť	brť
chybí hrana	Bug	bug
chybí hrana	Buk	buk
chybí hrana	Bukovka	bukovka
chybí hrana	Bukovník	bukovník
chybí hrana	Bukvice	bukvice
chybí hrana	Bulla	bulla
chybí hrana	Bučina	bučina
chybí hrana	Buš	buš
chybí hrana	Bycha	bycha
chybí hrana	Bystřina	bystřina
chybí hrana	Báb	báb
chybí hrana	Bání	bání
chybí hrana	Bílek	bílek
chybí hrana	Bílinka	bílinka
chybí hrana	Bílák	bílák
chybí hrana	Býkovec	býkovec
chybí hrana	Býkovice	býkovice
chybí hrana	Bělice	bělice
chybí hrana	Bělák	bělák
chybí hrana	Březina	březina
chybí hrana	Březinka	březinka
chybí hrana	Březí	březí
chybí hrana	Bříza	bříza
chybí hrana	Camembert	camembert
chybí hrana	Canal	canal
chybí hrana	Canaria	canaria
chybí hrana	Cancal	cancal
chybí hrana	Cayenne	cayenne
chybí hrana	Cep	cep
chybí hrana	Chala	chala
chybí hrana	Chan	chan
chybí hrana	Charleston	charleston
chybí hrana	Chloumek	chloumek
chybí hrana	Chlum	chlum
chybí hrana	Chlumek	chlumek
chybí hrana	Chlumeček	chlumeček
chybí hrana	Chmelák	chmelák
chybí hrana	Chobot	chobot
chybí hrana	Chrast	chrast
chybí hrana	Chrast	chrast
chybí hrana	Chrastavec	chrastavec
chybí hrana	Chrastice	chrastice
chybí hrana	Chrást	chrást
chybí hrana	Chyška	chyška
chybí hrana	Clenbuterol	clenbuterol
chybí hrana	Cloud	cloud
chybí hrana	Commonwealth	commonwealth
chybí hrana	Cornwall	cornwall
chybí hrana	Cosa	cosa
chybí hrana	Creek	creek
chybí hrana	Dakota	dakota
chybí hrana	Dalton	dalton
chybí hrana	Daman	daman
chybí hrana	Devon	devon
chybí hrana	Diakonie	diakonie
chybí hrana	Divo	divo
chybí hrana	Dmout	dmout
chybí hrana	Dolina	dolina
chybí hrana	Dolinka	dolinka
chybí hrana	Dolíček	dolíček
chybí hrana	Dom	dom
chybí hrana	Domina	domina
chybí hrana	Don	don
chybí hrana	Donegal	donegal
chybí hrana	Doubek	doubek
chybí hrana	Doubrava	doubrava
chybí hrana	Doubravník	doubravník
chybí hrana	Doubí	doubí
chybí hrana	Doupě	doupě
chybí hrana	Downtown	downtown
chybí hrana	Dragoun	dragoun
chybí hrana	Drahouš	drahouš
chybí hrana	Drama	drama
chybí hrana	Drnovec	drnovec
chybí hrana	Dub	dub
chybí hrana	Dubec	dubec
chybí hrana	Dubovice	dubovice
chybí hrana	Dula	dula
chybí hrana	Durak	durak
chybí hrana	Dvojhalí	dvojhalí
chybí hrana	Dvojhradí	dvojhradí
chybí hrana	Dvorec	dvorec
chybí hrana	Dvorek	dvorek
chybí hrana	Dvoreček	dvoreček
chybí hrana	Dvořiště	dvořiště
chybí hrana	Dvůr	dvůr
chybí hrana	Dívčice	dívčice
chybí hrana	Dědina	dědina
chybí hrana	Dědinka	dědinka
chybí hrana	Dřevce	dřevce
chybí hrana	Dřevec	dřevec
chybí hrana	Dřevěnice	dřevěnice
chybí hrana	Dřínek	dřínek
chybí hrana	Důl	důl
chybí hrana	Eden	eden
chybí hrana	Eggenburg	eggenburg
chybí hrana	Eidam	eidam
chybí hrana	Eifel	eifel
chybí hrana	Eiffelovka	eiffelovka
chybí hrana	Ekvádor	ekvádor
chybí hrana	Elko	elko
chybí hrana	Ems	ems
chybí hrana	End	end
chybí hrana	Ermitáž	ermitáž
chybí hrana	Etiopie	etiopie
chybí hrana	Etno	etno
chybí hrana	Fachwerk	fachwerk
chybí hrana	Falc	falc
chybí hrana	Fana	fana
chybí hrana	Filipíny	filipíny
chybí hrana	Fils	fils
chybí hrana	Fišpanka	fišpanka
chybí hrana	Fojtka	fojtka
chybí hrana	Fortna	fortna
chybí hrana	Fořt	fořt
chybí hrana	Gate	gate
chybí hrana	Granik	granik
chybí hrana	Grant	grant
chybí hrana	Greenfield	greenfield
chybí hrana	Greyhound	greyhound
chybí hrana	Grunt	grunt
chybí hrana	Grúň	grúň
chybí hrana	Guinea	guinea
chybí hrana	Gulag	gulag
chybí hrana	Günz	günz
chybí hrana	Habřina	habřina
chybí hrana	Habří	habří
chybí hrana	Hajany	hajany
chybí hrana	Hall	hall
chybí hrana	Halže	halže
chybí hrana	Ham	ham
chybí hrana	Hamada	hamada
chybí hrana	Hammond	hammond
chybí hrana	Hamr	hamr
chybí hrana	Harfa	harfa
chybí hrana	Havírna	havírna
chybí hrana	Hájek	hájek
chybí hrana	Háj	háj
chybí hrana	Hazard	hazard
chybí hrana	Hať	hať
chybí hrana	Hejtman	hejtman
chybí hrana	Helikonie	helikonie
chybí hrana	Helm	helm
chybí hrana	Heptarchie	heptarchie
chybí hrana	Herink	herink
chybí hrana	Hidalgo	hidalgo
chybí hrana	Hlavice	hlavice
chybí hrana	Hlemýždí	hlemýždí
chybí hrana	Hliniště	hliniště
chybí hrana	Hlinka	hlinka
chybí hrana	Hlohovec	hlohovec
chybí hrana	Hluk	hluk
chybí hrana	Hláska	hláska
chybí hrana	Hlásnice	hlásnice
chybí hrana	Hlína	hlína
chybí hrana	Hnojník	hnojník
chybí hrana	Hole	hole
chybí hrana	Holenice	holenice
chybí hrana	Holice	holice
chybí hrana	Holič	holič
chybí hrana	Holubice	holubice
chybí hrana	Homole	homole
chybí hrana	Homolka	homolka
chybí hrana	Horka	horka
chybí hrana	Horka	horka
chybí hrana	Hornice	hornice
chybí hrana	Hostinka	hostinka
chybí hrana	Houska	houska
chybí hrana	Hovězí	hovězí
chybí hrana	Hořepník	hořepník
chybí hrana	Hrabice	hrabice
chybí hrana	Hrabství	hrabství
chybí hrana	Hrabůvka	hrabůvka
chybí hrana	Hracholusky	hracholusky
chybí hrana	Hrachovec	hrachovec
chybí hrana	Hrachoviště	hrachoviště
chybí hrana	Hradec	hradec
chybí hrana	Hradisko	hradisko
chybí hrana	Hradiště	hradiště
chybí hrana	Hrkáč	hrkáč
chybí hrana	Hrob	hrob
chybí hrana	Hromnice	hromnice
chybí hrana	Hromovka	hromovka
chybí hrana	Hruštice	hruštice
chybí hrana	Hrádek	hrádek
chybí hrana	Hrádeček	hrádeček
chybí hrana	Huari	huari
chybí hrana	Hudson	hudson
chybí hrana	Husle	husle
chybí hrana	Hučák	hučák
chybí hrana	Huť	huť
chybí hrana	Hvozd	hvozd
chybí hrana	Hvízdalka	hvízdalka
chybí hrana	Hvězda	hvězda
chybí hrana	Hydra	hydra
chybí hrana	Hájenka	hájenka
chybí hrana	Hřebenice	hřebenice
chybí hrana	Hřebčí	hřebčí
chybí hrana	Hřiště	hřiště
chybí hrana	Hříběcí	hříběcí
chybí hrana	Hříště	hříště
chybí hrana	Hůrka	hůrka
chybí hrana	Ingenium	ingenium
chybí hrana	Invalidovna	invalidovna
chybí hrana	Ismáílíja	ismáílíja
chybí hrana	Jalovec	jalovec
chybí hrana	Jam	jam
chybí hrana	Jamnice	jamnice
chybí hrana	Jamník	jamník
chybí hrana	Jandovka	jandovka
chybí hrana	Jantra	jantra
chybí hrana	Javor	javor
chybí hrana	Javorovec	javorovec
chybí hrana	Javoří	javoří
chybí hrana	Javůrek	javůrek
chybí hrana	Jedlina	jedlina
chybí hrana	Jehnice	jehnice
chybí hrana	Jelenec	jelenec
chybí hrana	Jelenice	jelenice
chybí hrana	Jelení	jelení
chybí hrana	Jesenec	jesenec
chybí hrana	Jeseň	jeseň
chybí hrana	Jestřabí	jestřabí
chybí hrana	Jez	jez
chybí hrana	Jezero	jezero
chybí hrana	Ječmeniště	ječmeniště
chybí hrana	Jeřice	jeřice
chybí hrana	Jilmoví	jilmoví
chybí hrana	Jizbice	jizbice
chybí hrana	Juan	juan
chybí hrana	Jura	jura
chybí hrana	Jílovec	jílovec
chybí hrana	Jíloviště	jíloviště
chybí hrana	Kagan	kagan
chybí hrana	Kal	kal
chybí hrana	Kala	kala
chybí hrana	Kalba	kalba
chybí hrana	Kaliště	kaliště
chybí hrana	Kalmar	kalmar
chybí hrana	Kalpa	kalpa
chybí hrana	Kama	kama
chybí hrana	Kamenec	kamenec
chybí hrana	Kamení	kamení
chybí hrana	Kameňák	kameňák
chybí hrana	Kamínka	kamínka
chybí hrana	Kamýk	kamýk
chybí hrana	Kananga	kananga
chybí hrana	Kandahar	kandahar
chybí hrana	Kanice	kanice
chybí hrana	Kapa	kapa
chybí hrana	Kaplanka	kaplanka
chybí hrana	Kaplice	kaplice
chybí hrana	Kaproun	kaproun
chybí hrana	Kaprovka	kaprovka
chybí hrana	Kasárna	kasárna
chybí hrana	Katan	katan
chybí hrana	Kavalír	kavalír
chybí hrana	Kavalírka	kavalírka
chybí hrana	Kačice	kačice
chybí hrana	Kačák	kačák
chybí hrana	Kašmír	kašmír
chybí hrana	Kaťák	kaťák
chybí hrana	Kedr	kedr
chybí hrana	Keňa	keňa
chybí hrana	Kentaur	kentaur
chybí hrana	Kerka	kerka
chybí hrana	Kern	kern
chybí hrana	Kingston	kingston
chybí hrana	Kladina	kladina
chybí hrana	Klec	klec
chybí hrana	Klenovka	klenovka
chybí hrana	Klení	klení
chybí hrana	Klokočí	klokočí
chybí hrana	Kloub	kloub
chybí hrana	Kluk	kluk
chybí hrana	Klášter	klášter
chybí hrana	Klínec	klínec
chybí hrana	Knížecí	knížecí
chybí hrana	Kněžice	kněžice
chybí hrana	Kobe	kobe
chybí hrana	Kobylí	kobylí
chybí hrana	Kodiak	kodiak
chybí hrana	Koliště	koliště
chybí hrana	Koloseum	koloseum
chybí hrana	Kolová	kolová
chybí hrana	Kolčavka	kolčavka
chybí hrana	Komenda	komenda
chybí hrana	Komora	komora
chybí hrana	Komorník	komorník
chybí hrana	Kona	kona
chybí hrana	Konice	konice
chybí hrana	Kopanina	kopanina
chybí hrana	Kopec	kopec
chybí hrana	Kopeček	kopeček
chybí hrana	Kopist	kopist
chybí hrana	Koprník	koprník
chybí hrana	Kordula	kordula
chybí hrana	Korouhev	korouhev
chybí hrana	Korunní	korunní
chybí hrana	Koryto	koryto
chybí hrana	Koráb	koráb
chybí hrana	Kos	kos
chybí hrana	Kosice	kosice
chybí hrana	Kosmo	kosmo
chybí hrana	Kostel	kostel
chybí hrana	Kostelní	kostelní
chybí hrana	Kostelík	kostelík
chybí hrana	Kostelíček	kostelíček
chybí hrana	Kostice	kostice
chybí hrana	Kosíř	kosíř
chybí hrana	Kotel	kotel
chybí hrana	Kotlina	kotlina
chybí hrana	Kotovice	kotovice
chybí hrana	Koupě	koupě
chybí hrana	Kout	kout
chybí hrana	Kovanec	kovanec
chybí hrana	Kozinec	kozinec
chybí hrana	Kozlovka	kozlovka
chybí hrana	Kozlovice	kozlovice
chybí hrana	Kozák	kozák
chybí hrana	Kozí	kozí
chybí hrana	Kočí	kočí
chybí hrana	Kořen	kořen
chybí hrana	Kořenice	kořenice
chybí hrana	Košík	košík
chybí hrana	Kraslice	kraslice
chybí hrana	Kratochvíle	kratochvíle
chybí hrana	Kreml	kreml
chybí hrana	Krkavec	krkavec
chybí hrana	Kroužek	kroužek
chybí hrana	Kruh	kruh
chybí hrana	Krupice	krupice
chybí hrana	Krupka	krupka
chybí hrana	Krušec	krušec
chybí hrana	Království	království
chybí hrana	Krámy	krámy
chybí hrana	Krásnice	krásnice
chybí hrana	Krásno	krásno
chybí hrana	Krčák	krčák
chybí hrana	Kuba	kuba
chybí hrana	Kuchař	kuchař
chybí hrana	Kuklík	kuklík
chybí hrana	Kuks	kuks
chybí hrana	Kunda	kunda
chybí hrana	Kuní	kuní
chybí hrana	Kuří	kuří
chybí hrana	Květnice	květnice
chybí hrana	Kyselka	kyselka
chybí hrana	Kámen	kámen
chybí hrana	Káraný	káraný
chybí hrana	Křemenec	křemenec
chybí hrana	Křeč	křeč
chybí hrana	Křivice	křivice
chybí hrana	Křivina	křivina
chybí hrana	Křižovatka	křižovatka
chybí hrana	Křoví	křoví
chybí hrana	Křtiny	křtiny
chybí hrana	Křída	křída
chybí hrana	Kříženec	kříženec
chybí hrana	Křížovnice	křížovnice
chybí hrana	Labiště	labiště
chybí hrana	Labuť	labuť
chybí hrana	Lada	lada
chybí hrana	Lamač	lamač
chybí hrana	Lapač	lapač
chybí hrana	Lavice	lavice
chybí hrana	Lazy	lazy
chybí hrana	Lednice	lednice
chybí hrana	Lenora	lenora
chybí hrana	Leptač	leptač
chybí hrana	Lesnice	lesnice
chybí hrana	Lesík	lesík
chybí hrana	Letohrad	letohrad
chybí hrana	Level	level
chybí hrana	Levice	levice
chybí hrana	Lhůta	lhůta
chybí hrana	Libosad	libosad
chybí hrana	Ligrus	ligrus
chybí hrana	Liman	liman
chybí hrana	Limerick	limerick
chybí hrana	Lipnice	lipnice
chybí hrana	Lipůvka	lipůvka
chybí hrana	List	list
chybí hrana	Liščí	liščí
chybí hrana	Lochkov	lochkov
chybí hrana	Loděnice	loděnice
chybí hrana	Lojovice	lojovice
chybí hrana	Loktuše	loktuše
chybí hrana	Lom	lom
chybí hrana	Lomeček	lomeček
chybí hrana	Loubí	loubí
chybí hrana	Louka	louka
chybí hrana	Loučka	loučka
chybí hrana	Ludlow	ludlow
chybí hrana	Luh	luh
chybí hrana	Luka	luka
chybí hrana	Lučiště	lučiště
chybí hrana	Lysec	lysec
chybí hrana	Láz	láz
chybí hrana	Lázně	lázně
chybí hrana	Léno	léno
chybí hrana	Líní	líní
chybí hrana	Líně	líně
chybí hrana	Lípa	lípa
chybí hrana	Lipka	lipka
chybí hrana	Líska	líska
chybí hrana	Lískovice	lískovice
chybí hrana	Líšeň	líšeň
chybí hrana	Maastricht	maastricht
chybí hrana	Malacky	malacky
chybí hrana	Malta	malta
chybí hrana	Mamba	mamba
chybí hrana	Marathón	marathón
chybí hrana	Marsala	marsala
chybí hrana	Masaryčka	masaryčka
chybí hrana	Maskara	maskara
chybí hrana	Mateřinec	mateřinec
chybí hrana	Medina	medina
chybí hrana	Medník	medník
chybí hrana	Medvědice	medvědice
chybí hrana	Medvědín	medvědín
chybí hrana	Mega	mega
chybí hrana	Meseta	meseta
chybí hrana	Mez	mez
chybí hrana	Mezihoří	mezihoří
chybí hrana	Meziříčí	meziříčí
chybí hrana	Mezný	mezný
chybí hrana	Mečíř	mečíř
chybí hrana	Milá	milá
chybí hrana	Milý	milý
chybí hrana	Mlýn	mlýn
chybí hrana	Mlýnec	mlýnec
chybí hrana	Mlýnek	mlýnek
chybí hrana	Mlýneček	mlýneček
chybí hrana	Mlýnice	mlýnice
chybí hrana	Mnich	mnich
chybí hrana	Mníšek	mníšek
chybí hrana	Moa	moa
chybí hrana	Mobile	mobile
chybí hrana	Monomotapa	monomotapa
chybí hrana	Mostek	mostek
chybí hrana	Motta	motta
chybí hrana	Mršník	mršník
chybí hrana	Munice	munice
chybí hrana	Mura	mura
chybí hrana	Mužský	mužský
chybí hrana	Místo	místo
chybí hrana	Mýtina	mýtina
chybí hrana	Mýtinka	mýtinka
chybí hrana	Mýtnice	mýtnice
chybí hrana	Mýto	mýto
chybí hrana	Měděnec	měděnec
chybí hrana	Městec	městec
chybí hrana	Městečko	městečko
chybí hrana	Město	město
chybí hrana	Můstek	můstek
chybí hrana	Naděje	naděje
chybí hrana	Nagara	nagara
chybí hrana	Namur	namur
chybí hrana	Nava	nava
chybí hrana	Nazca	nazca
chybí hrana	Nebesa	nebesa
chybí hrana	Nesyt	nesyt
chybí hrana	Netřeba	netřeba
chybí hrana	Nevděk	nevděk
chybí hrana	Neziskovka	neziskovka
chybí hrana	Nečas	nečas
chybí hrana	Nori	nori
chybí hrana	Novella	novella
chybí hrana	Novina	novina
chybí hrana	Nába	nába
chybí hrana	Ob	ob
chybí hrana	Obora	obora
chybí hrana	Obrok	obrok
chybí hrana	Ochoz	ochoz
chybí hrana	Odranec	odranec
chybí hrana	Oděsa	oděsa
chybí hrana	Ohař	ohař
chybí hrana	Ohrazení	ohrazení
chybí hrana	Okolí	okolí
chybí hrana	Okrouhlice	okrouhlice
chybí hrana	Okřínek	okřínek
chybí hrana	Olovnice	olovnice
chybí hrana	Oprám	oprám
chybí hrana	Opyš	opyš
chybí hrana	Opálka	opálka
chybí hrana	Orient	orient
chybí hrana	Orlice	orlice
chybí hrana	Orlík	orlík
chybí hrana	Osenice	osenice
chybí hrana	Osina	osina
chybí hrana	Osičí	osičí
chybí hrana	Oslavička	oslavička
chybí hrana	Oslí	oslí
chybí hrana	Ostra	ostra
chybí hrana	Otava	otava
chybí hrana	Otruby	otruby
chybí hrana	Ovčárna	ovčárna
chybí hrana	Ořechovka	ořechovka
chybí hrana	Padova	padova
chybí hrana	Pagan	pagan
chybí hrana	Palatin	palatin
chybí hrana	Palestina	palestina
chybí hrana	Pamětník	pamětník
chybí hrana	Panama	panama
chybí hrana	Pancíř	pancíř
chybí hrana	Pančava	pančava
chybí hrana	Park	park
chybí hrana	Parkán	parkán
chybí hrana	Parma	parma
chybí hrana	Parnas	parnas
chybí hrana	Paseka	paseka
chybí hrana	Paso	paso
chybí hrana	Passo	passo
chybí hrana	Pata	pata
chybí hrana	Pazderna	pazderna
chybí hrana	Pazucha	pazucha
chybí hrana	Pašice	pašice
chybí hrana	Pec	pec
chybí hrana	Pecka	pecka
chybí hrana	Pegas	pegas
chybí hrana	Peklo	peklo
chybí hrana	Perlovka	perlovka
chybí hrana	Perm	perm
chybí hrana	Perucák	perucák
chybí hrana	Piccolo	piccolo
chybí hrana	Pinang	pinang
chybí hrana	Pinta	pinta
chybí hrana	Pivoň	pivoň
chybí hrana	Plano	plano
chybí hrana	Platýz	platýz
chybí hrana	Platejz	platejz
chybí hrana	Ples	ples
chybí hrana	Pleš	pleš
chybí hrana	Ploština	ploština
chybí hrana	Plzeň	plzeň
chybí hrana	Plzeňka	plzeňka
chybí hrana	Pláně	pláně
chybí hrana	Pláň	pláň
chybí hrana	Podhoří	podhoří
chybí hrana	Podhájí	podhájí
chybí hrana	Podhůří	podhůří
chybí hrana	Podivín	podivín
chybí hrana	Podlesí	podlesí
chybí hrana	Podměstí	podměstí
chybí hrana	Podsedek	podsedek
chybí hrana	Podzámčí	podzámčí
chybí hrana	Pohnání	pohnání
chybí hrana	Pohodlí	pohodlí
chybí hrana	Pohoří	pohoří
chybí hrana	Pohraniční	pohraniční
chybí hrana	Polana	polana
chybí hrana	Pole	pole
chybí hrana	Polesí	polesí
chybí hrana	Police	police
chybí hrana	Polička	polička
chybí hrana	Polnička	polnička
chybí hrana	Polom	polom
chybí hrana	Pomezí	pomezí
chybí hrana	Ponice	ponice
chybí hrana	Popelín	popelín
chybí hrana	Popovec	popovec
chybí hrana	Port	port
chybí hrana	Portland	portland
chybí hrana	Portoriko	portoriko
chybí hrana	Potok	potok
chybí hrana	Potočiště	potočiště
chybí hrana	Pound	pound
chybí hrana	Poustka	poustka
chybí hrana	Poustevna	poustevna
chybí hrana	Povel	povel
chybí hrana	Povodí	povodí
chybí hrana	Pravice	pravice
chybí hrana	Prosík	prosík
chybí hrana	Provoz	provoz
chybí hrana	Prysk	prysk
chybí hrana	Prádlo	prádlo
chybí hrana	Práče	práče
chybí hrana	Prčice	prčice
chybí hrana	Pstruží	pstruží
chybí hrana	Ptačí	ptačí
chybí hrana	Pueblo	pueblo
chybí hrana	Puget	puget
chybí hrana	Puklice	puklice
chybí hrana	Pula	pula
chybí hrana	Pustina	pustina
chybí hrana	Puszta	puszta
chybí hrana	Pád	pád
chybí hrana	Pávice	pávice
chybí hrana	Pěna	pěna
chybí hrana	Pětidomí	pětidomí
chybí hrana	Předhradí	předhradí
chybí hrana	Předklášteří	předklášteří
chybí hrana	Předmostí	předmostí
chybí hrana	Předměstí	předměstí
chybí hrana	Přes	přes
chybí hrana	Přestání	přestání
chybí hrana	Přídělce	přídělce
chybí hrana	Příhon	příhon
chybí hrana	Přívoz	přívoz
chybí hrana	Příčina	příčina
chybí hrana	Půhon	půhon
chybí hrana	Rab	rab
chybí hrana	Rabí	rabí
chybí hrana	Rabín	rabín
chybí hrana	Radlice	radlice
chybí hrana	Radnice	radnice
chybí hrana	Radom	radom
chybí hrana	Radvanec	radvanec
chybí hrana	Rakůvka	rakůvka
chybí hrana	Račice	račice
chybí hrana	Račí	račí
chybí hrana	Rejdiště	rejdiště
chybí hrana	Remeš	remeš
chybí hrana	Rež	rež
chybí hrana	Riga	riga
chybí hrana	Riss	riss
chybí hrana	Robinson	robinson
chybí hrana	Rock	rock
chybí hrana	Rohatec	rohatec
chybí hrana	Rohovka	rohovka
chybí hrana	Rohozec	rohozec
chybí hrana	Rok	rok
chybí hrana	Rokle	rokle
chybí hrana	Rokytník	rokytník
chybí hrana	Role	role
chybí hrana	Roseta	roseta
chybí hrana	Rosička	rosička
chybí hrana	Roveň	roveň
chybí hrana	Rovina	rovina
chybí hrana	Rozhraní	rozhraní
chybí hrana	Ruda	ruda
chybí hrana	Rudka	rudka
chybí hrana	Rudohoří	rudohoří
chybí hrana	Ruka	ruka
chybí hrana	Rus	rus
chybí hrana	Ruse	ruse
chybí hrana	Rutherford	rutherford
chybí hrana	Rybník	rybník
chybí hrana	Rybníček	rybníček
chybí hrana	Rybí	rybí
chybí hrana	Ryneček	ryneček
chybí hrana	Ráj	ráj
chybí hrana	Ráječek	ráječek
chybí hrana	Rhein	rhein
chybí hrana	Růženín	růženín
chybí hrana	Růžák	růžák
chybí hrana	Sado	sado
chybí hrana	Sahara	sahara
chybí hrana	Salaš	salaš
chybí hrana	Salina	salina
chybí hrana	Salmi	salmi
chybí hrana	Samopše	samopše
chybí hrana	Savo	savo
chybí hrana	Saxon	saxon
chybí hrana	Sběř	sběř
chybí hrana	Sedliště	sedliště
chybí hrana	Sedlo	sedlo
chybí hrana	Sedmidomí	sedmidomí
chybí hrana	Senec	senec
chybí hrana	Sentinel	sentinel
chybí hrana	Severní	severní
chybí hrana	Seč	seč
chybí hrana	Sibiř	sibiř
chybí hrana	Silnice	silnice
chybí hrana	Sima	sima
chybí hrana	Sirotek	sirotek
chybí hrana	Skalice	skalice
chybí hrana	Skalka	skalka
chybí hrana	Skořice	skořice
chybí hrana	Skála	skála
chybí hrana	Slanisko	slanisko
chybí hrana	Slaný	slaný
chybí hrana	Slatina	slatina
chybí hrana	Slavice	slavice
chybí hrana	Slup	slup
chybí hrana	Smolnice	smolnice
chybí hrana	Smraďavka	smraďavka
chybí hrana	Smrk	smrk
chybí hrana	Smrček	smrček
chybí hrana	Smrčina	smrčina
chybí hrana	Smrčí	smrčí
chybí hrana	Sodoma	sodoma
chybí hrana	Sokolnice	sokolnice
chybí hrana	Sokolí	sokolí
chybí hrana	Solnice	solnice
chybí hrana	Sono	sono
chybí hrana	Soul	soul
chybí hrana	Souš	souš
chybí hrana	Spáleniště	spáleniště
chybí hrana	Spálenka	spálenka
chybí hrana	Srní	srní
chybí hrana	Stan	stan
chybí hrana	Stanoviště	stanoviště
chybí hrana	Starčevo	starčevo
chybí hrana	Straník	straník
chybí hrana	Stračí	stračí
chybí hrana	Strip	strip
chybí hrana	Stropnice	stropnice
chybí hrana	Struga	struga
chybí hrana	Struhadlo	struhadlo
chybí hrana	Stránka	stránka
chybí hrana	Stráň	stráň
chybí hrana	Stráž	stráž
chybí hrana	Strážiště	strážiště
chybí hrana	Strážnice	strážnice
chybí hrana	Strážná	strážná
chybí hrana	Strážný	strážný
chybí hrana	Studenka	studenka
chybí hrana	Studený	studený
chybí hrana	Studnice	studnice
chybí hrana	Studánka	studánka
chybí hrana	Stálec	stálec
chybí hrana	Stáj	stáj
chybí hrana	Střednice	střednice
chybí hrana	Stříbrnice	stříbrnice
chybí hrana	Stříbro	stříbro
chybí hrana	Stříbřec	stříbřec
chybí hrana	Střídka	střídka
chybí hrana	Sucre	sucre
chybí hrana	Sudice	sudice
chybí hrana	Summa	summa
chybí hrana	Sund	sund
chybí hrana	Superior	superior
chybí hrana	Svoboďák	svoboďák
chybí hrana	Světec	světec
chybí hrana	Světice	světice
chybí hrana	Světlice	světlice
chybí hrana	Světlík	světlík
chybí hrana	Syrovátka	syrovátka
chybí hrana	Syrák	syrák
chybí hrana	Sítina	sítina
chybí hrana	Síč	síč
chybí hrana	Tala	tala
chybí hrana	Tanečnice	tanečnice
chybí hrana	Tapa	tapa
chybí hrana	Tartar	tartar
chybí hrana	Tata	tata
chybí hrana	Taverna	taverna
chybí hrana	Telecí	telecí
chybí hrana	Telemark	telemark
chybí hrana	Tema	tema
chybí hrana	Tempe	tempe
chybí hrana	Templ	templ
chybí hrana	Teplice	teplice
chybí hrana	Terrassa	terrassa
chybí hrana	Tichomoří	tichomoří
chybí hrana	Tis	tis
chybí hrana	Tisovec	tisovec
chybí hrana	Tlustice	tlustice
chybí hrana	Tobolka	tobolka
chybí hrana	Tonga	tonga
chybí hrana	Topol	topol
chybí hrana	Tori	tori
chybí hrana	Tournai	tournai
chybí hrana	Trnovec	trnovec
chybí hrana	Trojmezí	trojmezí
chybí hrana	Trávník	trávník
chybí hrana	Tupec	tupec
chybí hrana	Tuřice	tuřice
chybí hrana	Tweed	tweed
chybí hrana	Tábor	tábor
chybí hrana	Týniště	týniště
chybí hrana	Třenice	třenice
chybí hrana	Třešňovec	třešňovec
chybí hrana	Třtí	třtí
chybí hrana	Třístoličník	třístoličník
chybí hrana	Tříč	tříč
chybí hrana	Uran	uran
chybí hrana	Urda	urda
chybí hrana	Uzenice	uzenice
chybí hrana	Valcha	valcha
chybí hrana	Vals	vals
chybí hrana	Vara	vara
chybí hrana	Varna	varna
chybí hrana	Vavřín	vavřín
chybí hrana	Vaňkovka	vaňkovka
chybí hrana	Velebit	velebit
chybí hrana	Velryba	velryba
chybí hrana	Vepřová	vepřová
chybí hrana	Ves	ves
chybí hrana	Veselice	veselice
chybí hrana	Veselka	veselka
chybí hrana	Veselí	veselí
chybí hrana	Veselíčko	veselíčko
chybí hrana	Veveří	veveří
chybí hrana	Vidlák	vidlák
chybí hrana	Vidrholec	vidrholec
chybí hrana	Villa	villa
chybí hrana	Vilín	vilín
chybí hrana	Vimperk	vimperk
chybí hrana	Vinohrádek	vinohrádek
chybí hrana	Vlasatice	vlasatice
chybí hrana	Vlárský	vlárský
chybí hrana	Vlčice	vlčice
chybí hrana	Vlčí	vlčí
chybí hrana	Voda	voda
chybí hrana	Volavec	volavec
chybí hrana	Volga	volga
chybí hrana	Volovec	volovec
chybí hrana	Volovice	volovice
chybí hrana	Volta	volta
chybí hrana	Volárna	volárna
chybí hrana	Vosí	vosí
chybí hrana	Voznice	voznice
chybí hrana	Vranice	vranice
chybí hrana	Vrbka	vrbka
chybí hrana	Vrbice	vrbice
chybí hrana	Vrbička	vrbička
chybí hrana	Vrchovina	vrchovina
chybí hrana	Vršíček	vršíček
chybí hrana	Vychovatelna	vychovatelna
chybí hrana	Vydří	vydří
chybí hrana	Vysočina	vysočina
chybí hrana	Vystrkov	vystrkov
chybí hrana	Vyšehrad	vyšehrad
chybí hrana	Váh	váh
chybí hrana	Vápenice	vápenice
chybí hrana	Vápno	vápno
chybí hrana	Vídrholec	vídrholec
chybí hrana	Víska	víska
chybí hrana	Vítání	vítání
chybí hrana	Vížka	vížka
chybí hrana	Výrovka	výrovka
chybí hrana	Výsluní	výsluní
chybí hrana	Výtopa	výtopa
chybí hrana	Výtoň	výtoň
chybí hrana	Výšina	výšina
chybí hrana	Včelnice	včelnice
chybí hrana	Včelínek	včelínek
chybí hrana	Větrov	větrov
chybí hrana	Věž	věž
chybí hrana	Věžnice	věžnice
chybí hrana	Věžná	věžná
chybí hrana	Worcester	worcester
chybí hrana	Ypres	ypres
chybí hrana	Zahrada	zahrada
chybí hrana	Zahradnice	zahradnice
chybí hrana	Zahrádka	zahrádka
chybí hrana	Zaječice	zaječice
chybí hrana	Zaječí	zaječí
chybí hrana	Zastávka	zastávka
chybí hrana	Zboží	zboží
chybí hrana	Zdobnička	zdobnička
chybí hrana	Zvonařka	zvonařka
chybí hrana	Záduší	záduší
chybí hrana	Záhrobí	záhrobí
chybí hrana	Zájezd	zájezd
chybí hrana	Zákoutí	zákoutí
chybí hrana	Zámezí	zámezí
chybí hrana	Zámostí	zámostí
chybí hrana	Zásada	zásada
chybí hrana	Záseka	záseka
chybí hrana	Záskalí	záskalí
chybí hrana	Závada	závada
chybí hrana	Závist	závist
chybí hrana	Zářečí	zářečí
chybí hrana	Absurdistán	absurdistán
chybí hrana	Kulaťák	kulaťák
chybí hrana	Kocourkov	kocourkov
chybí hrana	Kamenice	kamenice
chybí hrana	Modřice	modřice
chybí hrana	Oblík	oblík
chybí hrana	Rakovec	rakovec
chybí hrana	Tajná	tajná
chybí hrana	Trosky	trosky
chybí hrana	Vavřinec	vavřinec
chybí hrana	Úbočí	úbočí
chybí hrana	Údolí	údolí
chybí hrana	Úhelnice	úhelnice
chybí hrana	Ústí	ústí
chybí hrana	Úterý	úterý
chybí hrana	Čabrak	čabrak
chybí hrana	Čep	čep
chybí hrana	Čepice	čepice
chybí hrana	Černava	černava
chybí hrana	Černice	černice
chybí hrana	Černýš	černýš
chybí hrana	Červenka	červenka
chybí hrana	Červeňák	červeňák
chybí hrana	Člunek	člunek
chybí hrana	Čop	čop
chybí hrana	Čud	čud
chybí hrana	Číhaná	číhaná
chybí hrana	Číž	číž
chybí hrana	Ďáblice	ďáblice
chybí hrana	Ředička	ředička
chybí hrana	Řeka	řeka
chybí hrana	Řepice	řepice
chybí hrana	Řepiště	řepiště
chybí hrana	Řepka	řepka
chybí hrana	Řevnice	řevnice
chybí hrana	Řež	řež
chybí hrana	Říše	říše
chybí hrana	Šach	šach
chybí hrana	Šafránka	šafránka
chybí hrana	Šajch	šajch
chybí hrana	Šala	šala
chybí hrana	Šamotka	šamotka
chybí hrana	Šaratice	šaratice
chybí hrana	Šedivec	šedivec
chybí hrana	Škarda	škarda
chybí hrana	Šolta	šolta
chybí hrana	Špejchar	špejchar
chybí hrana	Špinka	špinka
chybí hrana	Špičák	špičák
chybí hrana	Štola	štola
chybí hrana	Štvanice	štvanice
chybí hrana	Štípa	štípa
chybí hrana	Šírava	šírava
chybí hrana	Žabovřesky	žabovřesky
chybí hrana	Žabovřesky	žabovřesky
chybí hrana	Žatec	žatec
chybí hrana	Žebrovice	žebrovice
chybí hrana	Žebrák	žebrák
chybí hrana	Železnice	železnice
chybí hrana	Žernov	žernov
chybí hrana	Židovice	židovice
chybí hrana	Žihle	žihle
chybí hrana	Žilina	žilina
chybí hrana	Žleb	žleb
chybí hrana	Žlutice	žlutice
chybí hrana	Žlábek	žlábek
chybí hrana	Žlíbek	žlíbek
