*opuštěná slova končící na 'vka', 'čka', 'nka', 'žka', 'ka'
*dvě skupiny: nalezený rodič a nenalezený rodič
*chybí hrana	zkoumané slovo	nalezené slovo
*
*nalezen předek
chybí hrana	Abchazka	Abchaz
chybí hrana	Abcházka	Abcház
chybí hrana	Ajka	Aj
chybí hrana	Alarika	Alari
chybí hrana	Alejka	Alejo
chybí hrana	Aleška	Aleš
chybí hrana	Alfredka	Alfred
chybí hrana	Alika	Ali
chybí hrana	Alžbětinka	Alžbětin
chybí hrana	Amandka	Amanda
chybí hrana	Angelika	Angeli
chybí hrana	Aninka	Anina
chybí hrana	Antonínka	Antonín
chybí hrana	Ančička	Ančič
chybí hrana	Argentinka	Argentina
chybí hrana	Arnoštka	Arnošt
chybí hrana	Aromka	Aromi
chybí hrana	Aska	Aso
chybí hrana	Astonka	Aston
chybí hrana	Astorka	Astor
chybí hrana	Atika	Ati
chybí hrana	Atoka	Ato
chybí hrana	Augustýnka	Augustýn
chybí hrana	Aška	Aš
chybí hrana	Aťka	Aťa
chybí hrana	Bakalka	Bakal
chybí hrana	Balaka	Bala
chybí hrana	Balinka	Baliny
chybí hrana	Ballantinka	Ballantine
chybí hrana	Bangka	Bang
chybí hrana	Baraka	Bara
chybí hrana	Bartoňka	Bartoň
chybí hrana	Bastienka	Bastien
chybí hrana	Bačovka	Bačov
chybí hrana	Baďurka	Baďura
chybí hrana	Bařinka	Bařina
chybí hrana	Baška	Baše
chybí hrana	Baštinka	Baština
chybí hrana	Bechyňka	Bechyňa
chybí hrana	Belcredka	Belcredi
chybí hrana	Beneška	Beneš
chybí hrana	Benešovka	Benešov
chybí hrana	Beranovka	Beranov
chybí hrana	Bernátka	Bernát
chybí hrana	Besinka	Besina
chybí hrana	Betka	Bet
chybí hrana	Bezručka	Bezruč
chybí hrana	Bečvárka	Bečváry
chybí hrana	Bilinka	Bilina
chybí hrana	Bivojka	Bivoj
chybí hrana	Blahuška	Blahuš
chybí hrana	Blanka	Blan
chybí hrana	Bláhovka	Bláhov
chybí hrana	Blšanka	Blšany
chybí hrana	Bobrovka	Bobrov
chybí hrana	Bogdanka	Bogdan
chybí hrana	Bohuška	Bohuš
chybí hrana	Bolenka	Bolen
chybí hrana	Bolinka	Bolina
chybí hrana	Bolka	Bol
chybí hrana	Bořislavka	Bořislav
chybí hrana	Branka	Brano
chybí hrana	Bratřejovka	Bratřejov
chybí hrana	Bravoska	Bravos
chybí hrana	Brigitka	Brigit
chybí hrana	Brnčálka	Brnčál
chybí hrana	Brumlovka	Brumlov
chybí hrana	Brumovka	Brumov
chybí hrana	Brunka	Brun
chybí hrana	Bucharka	Buchar
chybí hrana	Budínka	Budín
chybí hrana	Buika	Bui
chybí hrana	Bukačka	Bukač
chybí hrana	Bukovka	Bukov
chybí hrana	Bukůvka	Bukův
chybí hrana	Bulovka	Bulova
chybí hrana	Bumbalka	Bumbala
chybí hrana	Bumbálka	Bumbál
chybí hrana	Bushka	Bush
chybí hrana	Bučanka	Bučan
chybí hrana	Bylanka	Bylany
chybí hrana	Bílinka	Bílina
chybí hrana	Bílka	Bíla
chybí hrana	Bílovka	Bílov
chybí hrana	Býkovka	Býkov
chybí hrana	Březinka	Březina
chybí hrana	Březka	Březa
chybí hrana	Břežanka	Břežany
chybí hrana	Caka	Ca
chybí hrana	Chanka	Chan
chybí hrana	Chantalka	Chantal
chybí hrana	Chaska	Chas
chybí hrana	Chodovarka	Chodovar
chybí hrana	Chodovka	Chodov
chybí hrana	Cholinka	Cholina
chybí hrana	Chotýšanka	Chotýšany
chybí hrana	Chvalka	Chval
chybí hrana	Chvojenka	Chvojen
chybí hrana	Chyška	Chyše
chybí hrana	Cvetanka	Cvetan
chybí hrana	Célinka	Céline
chybí hrana	Daňkovka	Daňkov
chybí hrana	Dianka	Dian
chybí hrana	Dimitrovka	Dimitrov
chybí hrana	Diviška	Diviš
chybí hrana	Dobroučka	Dobrouč
chybí hrana	Dobruška	Dobruše
chybí hrana	Dolanka	Dolan
chybí hrana	Dolfinka	Dolfin
chybí hrana	Dornička	Dornič
chybí hrana	Doska	Dosa
chybí hrana	Drahuška	Drahuše
chybí hrana	Drnůvka	Drnův
chybí hrana	Dubenka	Duben
chybí hrana	Dubravka	Dubrava
chybí hrana	Dubňanka	Dubňany
chybí hrana	Dunderka	Dunder
chybí hrana	Dupačka	Dupač
chybí hrana	Dědinka	Dědina
chybí hrana	Děkovka	Děkov
chybí hrana	Džambulka	Džambul
chybí hrana	Edeka	Ede
chybí hrana	Elitka	Elite
chybí hrana	Ellenka	Ellen
chybí hrana	Eržika	Erži
chybí hrana	Evinka	Evin
chybí hrana	Felinka	Felini
chybí hrana	Filipovka	Filipov
chybí hrana	Florentýnka	Florentýna
chybí hrana	Fojtka	Fojt
chybí hrana	Fonka	Fon
chybí hrana	Franka	Fran
chybí hrana	Ganka	Gan
chybí hrana	Greffka	Greff
chybí hrana	Grétka	Gréta
chybí hrana	Habřinka	Habřina
chybí hrana	Hadinka	Hadina
chybí hrana	Halka	Hal
chybí hrana	Hančička	Hančič
chybí hrana	Harachovka	Harachov
chybí hrana	Harrachovka	Harrachov
chybí hrana	Havlovka	Havlov
chybí hrana	Hebrejka	Hebrej
chybí hrana	Hejlovka	Hejlov
chybí hrana	Hlubočanka	Hlubočany
chybí hrana	Hodonínka	Hodonín
chybí hrana	Homolka	Homola
chybí hrana	Horanka	Horan
chybí hrana	Horka	Hora
chybí hrana	Hostačovka	Hostačov
chybí hrana	Houska	House
chybí hrana	Hoštka	Hošta
chybí hrana	Hrabůvka	Hrabův
chybí hrana	Hromůvka	Hromův
chybí hrana	Hroška	Hroš
chybí hrana	Hrubínka	Hrubín
chybí hrana	Hrušovka	Hrušov
chybí hrana	Hubertka	Hubert
chybí hrana	Hvízdalka	Hvízdal
chybí hrana	Hvížďalka	Hvížďala
chybí hrana	Hřebenka	Hřeben
chybí hrana	Hůrka	Hůry
chybí hrana	Ika	Io
chybí hrana	Ilka	Ilo
chybí hrana	Irinka	Irina
chybí hrana	Ivaška	Ivaš
chybí hrana	Jadranka	Jadran
chybí hrana	Jaguška	Jaguš
chybí hrana	Janovka	Janov
chybí hrana	Januška	Januš
chybí hrana	Janžurka	Janžura
chybí hrana	Jaroška	Jaroš
chybí hrana	Jasanka	Jasan
chybí hrana	Jasenka	Jasen
chybí hrana	Javorka	Javora
chybí hrana	Jenka	Jena
chybí hrana	Jesika	Jesi
chybí hrana	Jessika	Jessi
chybí hrana	Jestřábka	Jestřáb
chybí hrana	Jetelka	Jetel
chybí hrana	Jezerka	Jezero
chybí hrana	Jiruška	Jiruš
chybí hrana	Jičínka	Jičín
chybí hrana	Jordánka	Jordán
chybí hrana	Jovka	Jov
chybí hrana	Jutka	Jut
chybí hrana	Kabardinka	Kabardino
chybí hrana	Kajetánka	Kajetán
chybí hrana	Kalinovka	Kalinovo
chybí hrana	Kalka	Kal
chybí hrana	Kamenka	Kamen
chybí hrana	Kamínka	Kamín
chybí hrana	Kanapka	Kanap
chybí hrana	Kaolinka	Kaolina
chybí hrana	Kaplanka	Kaplan
chybí hrana	Karlovka	Karlov
chybí hrana	Kartouzka	Kartouzy
chybí hrana	Kasanka	Kasan
chybí hrana	Kačabka	Kačab
chybí hrana	Kačenka	Kačena
chybí hrana	Kačka	Kača
chybí hrana	Kašperka	Kašper
chybí hrana	Kaštanka	Kaštan
chybí hrana	Kerka	Ker
chybí hrana	Klapůvka	Klapův
chybí hrana	Klenovka	Klenov
chybí hrana	Kláska	Klása
chybí hrana	Kocianka	Kocian
chybí hrana	Kohútka	Kohút
chybí hrana	Kotka	Kot
chybí hrana	Koudelka	Koudela
chybí hrana	Kouřimka	Kouřim
chybí hrana	Košatka	Košata
chybí hrana	Kratochvilka	Kratochvil
chybí hrana	Krounka	Krouna
chybí hrana	Krupka	Krupa
chybí hrana	Královka	Králov
chybí hrana	Kuchařka	Kuchař
chybí hrana	Kunka	Kun
chybí hrana	Kyselka	Kysela
chybí hrana	Kyčerka	Kyčera
chybí hrana	Ladronka	Ladron
chybí hrana	Lanka	Lane
chybí hrana	Latinka	Latin
chybí hrana	Leka	Le
chybí hrana	Leontýnka	Leontýna
chybí hrana	Lhotka	Lhota
chybí hrana	Lhůtka	Lhůta
chybí hrana	Libišanka	Libišany
chybí hrana	Libochovka	Libochov
chybí hrana	Libušinka	Libušin
chybí hrana	Lidmaňka	Lidmaň
chybí hrana	Lika	Li
chybí hrana	Likavka	Likava
chybí hrana	Lilianka	Lilian
chybí hrana	Lilka	Lily
chybí hrana	Lipanka	Lipany
chybí hrana	Lipovka	Lipov
chybí hrana	Lonka	Lon
chybí hrana	Louka	Lou
chybí hrana	Lubinka	Lubin
chybí hrana	Luka	Lu
chybí hrana	Lukáška	Lukáš
chybí hrana	Machůvka	Machův
chybí hrana	Mahdalka	Mahdal
chybí hrana	Malakka	Malaki
chybí hrana	Malenka	Malen
chybí hrana	Malika	Mali
chybí hrana	Manganka	Mangan
chybí hrana	Manka	Man
chybí hrana	Marciška	Marciš
chybí hrana	Marika	Mari
chybí hrana	Marička	Marič
chybí hrana	Marka	Mar
chybí hrana	Markovka	Markov
chybí hrana	Marlenka	Marlen
chybí hrana	Marunka	Maruna
chybí hrana	Maryka	Mary
chybí hrana	Maryška	Maryša
chybí hrana	Mattonka	Mattoni
chybí hrana	Mazanka	Mazan
chybí hrana	Mekka	Meky
chybí hrana	Metujka	Metuje
chybí hrana	Mikulovka	Mikulov
chybí hrana	Mikulůvka	Mikulův
chybí hrana	Milenka	Milena
chybí hrana	Militka	Milito
chybí hrana	Milířka	Milíře
chybí hrana	Miriamka	Miriam
chybí hrana	Mlýnka	Mlýn
chybí hrana	Mnichovka	Mnichov
chybí hrana	Moravka	Morava
chybí hrana	Motka	Mota
chybí hrana	Mrázovka	Mrázov
chybí hrana	Mílka	Míl
chybí hrana	Mínka	Mína
chybí hrana	Mírovka	Mírov
chybí hrana	Mýtinka	Mýtina
chybí hrana	Mýtka	Mýto
chybí hrana	Nanka	Nano
chybí hrana	Nemilanka	Nemilany
chybí hrana	Nemilka	Nemile
chybí hrana	Nikolajka	Nikolaj
chybí hrana	Nikolka	Nikol
chybí hrana	Nisanka	Nisan
chybí hrana	Nohýlka	Nohýl
chybí hrana	Nouzka	Nouza
chybí hrana	Oborka	Obora
chybí hrana	Oluška	Oluša
chybí hrana	Olšanka	Olšany
chybí hrana	Olšinka	Olšiny
chybí hrana	Osečanka	Osečany
chybí hrana	Oslavka	Oslava
chybí hrana	Otmanka	Otman
chybí hrana	Paka	Pa
chybí hrana	Palmovka	Palmov
chybí hrana	Pařezovka	Pařezov
chybí hrana	Pecka	Pec
chybí hrana	Perlinka	Perlini
chybí hrana	Petrovanka	Petrovany
chybí hrana	Petrovka	Petrov
chybí hrana	Petruška	Petruš
chybí hrana	Petrůvka	Petrův
chybí hrana	Petržalka	Petržala
chybí hrana	Pirka	Piro
chybí hrana	Podlužanka	Podlužany
chybí hrana	Poličanka	Poličany
chybí hrana	Polka	Polo
chybí hrana	Polomka	Polom
chybí hrana	Popelka	Popel
chybí hrana	Porubka	Poruba
chybí hrana	Prochorovka	Prochorov
chybí hrana	Pyšelka	Pyšely
chybí hrana	Pšovka	Pšov
chybí hrana	Rakovka	Rakov
chybí hrana	Rakůvka	Rakův
chybí hrana	Ratka	Rat
chybí hrana	Raška	Raš
chybí hrana	Rašovka	Rašov
chybí hrana	Rebekka	Rebeka
chybí hrana	Rejčka	Rejč
chybí hrana	Rika	Ri
chybí hrana	Rivka	Riva
chybí hrana	Rohovka	Rohov
chybí hrana	Rosička	Rosič
chybí hrana	Roubalka	Roubal
chybí hrana	Rouchovanka	Rouchovany
chybí hrana	Rudka	Ruda
chybí hrana	Rudovka	Rudov
chybí hrana	Ryšavka	Ryšava
chybí hrana	Sarka	Sar
chybí hrana	Satka	Sata
chybí hrana	Saška	Saša
chybí hrana	Sedlčanka	Sedlčany
chybí hrana	Seffka	Seff
chybí hrana	Silvinka	Silvin
chybí hrana	Silvánka	Silván
chybí hrana	Skaličanka	Skaličan
chybí hrana	Skalka	Skala
chybí hrana	Slatinka	Slatina
chybí hrana	Slobodanka	Slobodan
chybí hrana	Smržovka	Smržov
chybí hrana	Stalinka	Stalin
chybí hrana	Stellinka	Stellin
chybí hrana	Sulka	Sula
chybí hrana	Terka	Ter
chybí hrana	Tinka	Tina
chybí hrana	Tobolka	Tobola
chybí hrana	Topolanka	Topolany
chybí hrana	Trusovka	Trusovo
chybí hrana	Tuka	Tu
chybí hrana	Tullamorka	Tullamore
chybí hrana	Turovka	Turov
chybí hrana	Tuřanka	Tuřany
chybí hrana	Tylovka	Tylov
chybí hrana	Tynka	Tyne
chybí hrana	Tyrolka	Tyroly
chybí hrana	Třebýcinka	Třebýcina
chybí hrana	Ugrofinka	Ugrofin
chybí hrana	Uherka	Uher
chybí hrana	Umka	Uma
chybí hrana	Unaka	Una
chybí hrana	Unika	Uni
chybí hrana	Unionka	Union
chybí hrana	Urgermánka	Urgermán
chybí hrana	Uruguayka	Uruguay
chybí hrana	Valenciánka	Valencián
chybí hrana	Vanka	Van
chybí hrana	Vavřinečka	Vavřineč
chybí hrana	Velenka	Velen
chybí hrana	Velička	Veliče
chybí hrana	Velkoruska	Velkorus
chybí hrana	Vendka	Vend
chybí hrana	Veselka	Vesel
chybí hrana	Veškrnka	Veškrna
chybí hrana	Vidnavka	Vidnava
chybí hrana	Vitiška	Vitiš
chybí hrana	Vladka	Vlad
chybí hrana	Vlámka	Vlám
chybí hrana	Vodňanka	Vodňany
chybí hrana	Vondráška	Vondráš
chybí hrana	Vršovka	Vršov
chybí hrana	Vítovka	Vítov
chybí hrana	Věrovanka	Věrovany
chybí hrana	Waka	Wa
chybí hrana	Warka	Ware
chybí hrana	Zanzibarka	Zanzibar
chybí hrana	Zavadilka	Zavadil
chybí hrana	Zdeninka	Zdenin
chybí hrana	Zuávka	Zuáv
chybí hrana	Zásadka	Zásada
chybí hrana	abaka	aba
chybí hrana	airdalka	airdale
chybí hrana	amarelka	amarela
chybí hrana	anatomka	anatom
chybí hrana	andělka	anděl
chybí hrana	archandělka	archanděl
chybí hrana	autodidaktka	autodidakt
chybí hrana	bagelka	bagel
chybí hrana	brokařka	brokař
chybí hrana	cyklomaratónka	cyklomaratón
chybí hrana	debrujárka	debrujár
chybí hrana	devaterka	devatero
chybí hrana	devětadevadesátka	devětadevadesát
chybí hrana	devětapadesátka	devětapadesát
chybí hrana	devětašedesátka	devětašedesát
chybí hrana	diabolka	diabolo
chybí hrana	diákonka	diákon
chybí hrana	dobrotka	dobrota
chybí hrana	drbka	drb
chybí hrana	dvaadevadesátka	dvaadevadesát
chybí hrana	dvaaosmdesátka	dvaaosmdesát
chybí hrana	dvaapůlka	dvaapůl
chybí hrana	dvaasedmdesátka	dvaasedmdesát
chybí hrana	dvaašedesátka	dvaašedesát
chybí hrana	dvacetpětka	dvacetpět
chybí hrana	dvanáctikolka	dvanáctikolo
chybí hrana	dvanáctka	dvanáct
chybí hrana	dvěstěpadesátka	dvěstěpadesát
chybí hrana	elementaristka	elementarista
chybí hrana	ereska	ereso
chybí hrana	exstarostka	exstarosta
chybí hrana	fatka	fata
chybí hrana	filetka	filet
chybí hrana	finálka	finále
chybí hrana	flexaretka	flexaret
chybí hrana	hnětačka	hnětač
chybí hrana	institutka	institut
chybí hrana	jedenadevadesátka	jedenadevadesát
chybí hrana	jedenaosmdesátka	jedenaosmdesát
chybí hrana	jedenapadesátka	jedenapadesát
chybí hrana	jedenapůlka	jedenapůl
chybí hrana	jedenasedmdesátka	jedenasedmdesát
chybí hrana	jedenašedesátka	jedenašedesát
chybí hrana	jedenáctka	jedenáct
chybí hrana	kalhotka	kalhoty
chybí hrana	kantka	kant
chybí hrana	karbolka	karbol
chybí hrana	kartonážka	kartonáž
chybí hrana	kartónka	kartón
chybí hrana	katůvka	katův
chybí hrana	kelka	kel
chybí hrana	kilnerka	kilner
chybí hrana	kobka	kobo
chybí hrana	kometka	kometa
chybí hrana	komiska	komise
chybí hrana	koučka	kouč
chybí hrana	krémovka	krémovo
chybí hrana	kýlka	kýl
chybí hrana	ledka	led
chybí hrana	mokřinka	mokřina
chybí hrana	moreska	mores
chybí hrana	nicka	nic
chybí hrana	nulka	nula
chybí hrana	obligátka	obligát
chybí hrana	odborka	odbor
chybí hrana	opletka	oplet
chybí hrana	opálka	opál
chybí hrana	osmadevadesátka	osmadevadesát
chybí hrana	osmaosmdesátka	osmaosmdesát
chybí hrana	osmapadesátka	osmapadesát
chybí hrana	osmasedmdesátka	osmasedmdesát
chybí hrana	osmašedesátka	osmašedesát
chybí hrana	osvěžovačka	osvěžovač
chybí hrana	pairka	pair
chybí hrana	pardálka	pardál
chybí hrana	parka	par
chybí hrana	patnáctka	patnáct
chybí hrana	pařička	pařič
chybí hrana	plavuňka	plavuň
chybí hrana	pohorka	pohory
chybí hrana	početka	počet
chybí hrana	prdka	prd
chybí hrana	primeroska	primeros
chybí hrana	pryčka	pryč
chybí hrana	prťka	prť
chybí hrana	pětadevadesátka	pětadevadesát
chybí hrana	pětaosmdesátka	pětaosmdesát
chybí hrana	pětapadesátka	pětapadesát
chybí hrana	pětasedmdesátka	pětasedmdesát
chybí hrana	pětašedesátka	pětašedesát
chybí hrana	pětinka	pětina
chybí hrana	přadlenka	přadlena
chybí hrana	přednostka	přednost
chybí hrana	půldecka	půldeci
chybí hrana	retka	ret
chybí hrana	sandálka	sandál
chybí hrana	sedmadevadesátka	sedmadevadesát
chybí hrana	sedmaosmdesátka	sedmaosmdesát
chybí hrana	sedmapadesátka	sedmapadesát
chybí hrana	simka	sima
chybí hrana	skandinavistka	skandinavista
chybí hrana	skipka	skip
chybí hrana	smečka	smeč
chybí hrana	sniperka	sniper
chybí hrana	snovatka	snovat
chybí hrana	snítka	snít
chybí hrana	soukromka	soukromo
chybí hrana	spojovačka	spojovač
chybí hrana	stodevadesátka	stodevadesát
chybí hrana	stoosmdesátka	stoosmdesát
chybí hrana	stopadesátka	stopadesát
chybí hrana	stopětapadesátka	stopětapadesát
chybí hrana	stopětasedmdesátka	stopětasedmdesát
chybí hrana	střapatka	střapato
chybí hrana	sufražistka	sufražista
chybí hrana	topka	top
chybí hrana	trojdenka	trojden
chybí hrana	troškařka	troškař
chybí hrana	truska	trus
chybí hrana	těhulka	těhule
chybí hrana	třaska	třas
chybí hrana	třiapadesátka	třiapadesát
chybí hrana	třistaosmdesátšestka	třistaosmdesátšest
chybí hrana	třistašedesátka	třistašedesát
chybí hrana	tříšťka	tříšť
chybí hrana	ukulelistka	ukulelista
chybí hrana	vatka	vata
chybí hrana	vašnostinka	vašnostin
chybí hrana	vašnostka	vašnost
chybí hrana	vdovinka	vdovin
chybí hrana	videonovinka	videonoviny
chybí hrana	virtuózka	virtuóz
chybí hrana	viržinka	viržino
chybí hrana	vlásinka	vlásina
chybí hrana	vodoměrka	vodoměr
chybí hrana	vrápka	vráp
chybí hrana	vzkazka	vzkaz
chybí hrana	výběrka	výběr
chybí hrana	výsuvka	výsuv
chybí hrana	výtočka	výtoč
chybí hrana	zbloudilka	zbloudile
chybí hrana	zdrobnělka	zdrobněle
chybí hrana	znáčka	znáč
chybí hrana	zpomalovačka	zpomalovač
chybí hrana	záhybka	záhyb
chybí hrana	zátěrka	zátěr
chybí hrana	zátěžka	zátěž
chybí hrana	Ámoska	Ámos
chybí hrana	Ázerbajdžánka	Ázerbajdžán
chybí hrana	úsporka	úspora
chybí hrana	Čajka	Čaja
chybí hrana	Čechovka	Čechov
chybí hrana	Čeperka	Čepera
chybí hrana	Černovka	Černov
chybí hrana	Čerokézka	Čerokéz
chybí hrana	Čudka	Čuda
chybí hrana	Čuvaška	Čuvaš
chybí hrana	Čánka	Čáni
chybí hrana	Čížovka	Čížov
chybí hrana	četka	četa
chybí hrana	čipka	čip
chybí hrana	čtvrtka	čtvrt
chybí hrana	čtyřhranka	čtyřhran
chybí hrana	čtyřiadevadesátka	čtyřiadevadesát
chybí hrana	čtyřiaosmdesátka	čtyřiaosmdesát
chybí hrana	čtyřiapadesátka	čtyřiapadesát
chybí hrana	čtyřiasedmdesátka	čtyřiasedmdesát
chybí hrana	čtyřiašedesátka	čtyřiašedesát
chybí hrana	ďourka	ďoura
chybí hrana	Řepka	Řepa
chybí hrana	Šafránka	Šafrán
chybí hrana	Šlapanka	Šlapany
chybí hrana	Šmejkalka	Šmejkal
chybí hrana	Šošůvka	Šošův
chybí hrana	Špinka	Špina
chybí hrana	Štefka	Štefi
chybí hrana	Štepánka	Štepán
chybí hrana	Štěpka	Štěp
chybí hrana	Štěpánka	Štěpán
chybí hrana	Šárka	Šára
chybí hrana	šakalka	šakal
chybí hrana	šedesátka	šedesát
chybí hrana	šerka	šero
chybí hrana	šestašedesátka	šestašedesát
chybí hrana	šestikolka	šestikolo
chybí hrana	šestka	šest
chybí hrana	šestnácterka	šestnáctero
chybí hrana	škarohlídka	škarohlíd
chybí hrana	šlaufka	šlauf
chybí hrana	štamgastka	štamgast
chybí hrana	šňupka	šňup
chybí hrana	Ťapka	Ťap
chybí hrana	Želivka	Želiv
chybí hrana	Žlutičanka	Žlutičan
chybí hrana	Žukovka	Žukov
chybí hrana	želka	žel
*
*nenalezen předek
chybí hrana	Abanka
chybí hrana	Abhidhammapitaka
chybí hrana	Abhidharmmapitaka
chybí hrana	Aboriginka
chybí hrana	Aerovka
chybí hrana	Afrika
chybí hrana	Agnieska
chybí hrana	Agnieszka
chybí hrana	Agniezska
chybí hrana	Agrobanka
chybí hrana	Agrostrojanka
chybí hrana	Agrovanka
chybí hrana	Ahsoka
chybí hrana	Akorďanka
chybí hrana	Alešanka
chybí hrana	Aljaška
chybí hrana	Aljošenka
chybí hrana	Alpalouka
chybí hrana	Alšovka
chybí hrana	Amarušataka
chybí hrana	Amchitka
chybí hrana	Amerika
chybí hrana	Amátka
chybí hrana	Andulička
chybí hrana	Anežka
chybí hrana	Anglobanka
chybí hrana	Anielka
chybí hrana	Anika
chybí hrana	Anička
chybí hrana	Annuška
chybí hrana	Anoka
chybí hrana	Anynka
chybí hrana	Apolénka
chybí hrana	Araňka
chybí hrana	Arbesovka
chybí hrana	Arktika
chybí hrana	Arlesanka
chybí hrana	Arlesiánka
chybí hrana	Armaturka
chybí hrana	Arnika
chybí hrana	Artbanka
chybí hrana	Australorumunka
chybí hrana	Avramovska
chybí hrana	Azeťanka
chybí hrana	Baarovka
chybí hrana	Babetka
chybí hrana	Babuška
chybí hrana	Balabenka
chybí hrana	Balabuška
chybí hrana	Balonka
chybí hrana	Baltika
chybí hrana	Balynka
chybí hrana	Bambujka
chybí hrana	Banjaluka
chybí hrana	Baračka
chybí hrana	Baromantika
chybí hrana	Bauka
chybí hrana	Bauska
chybí hrana	Bavoračka
chybí hrana	Bačkárka
chybí hrana	Becherovka
chybí hrana	Bechyňačka
chybí hrana	Bedruňka
chybí hrana	Belánka
chybí hrana	Bendovka
chybí hrana	Benešačka
chybí hrana	Benfika
chybí hrana	Beobanka
chybí hrana	Berenika
chybí hrana	Berouňačka
chybí hrana	Beroňka
chybí hrana	Bershka
chybí hrana	Beryaska
chybí hrana	Beskidzka
chybí hrana	Bessynka
chybí hrana	Bestofka
chybí hrana	Betonika
chybí hrana	Bezanka
chybí hrana	Bezovka
chybí hrana	Bezručovka
chybí hrana	Bianka
chybí hrana	Biedronka
chybí hrana	Bioska
chybí hrana	Biotika
chybí hrana	Biskupovka
chybí hrana	Bitýška
chybí hrana	Bivojanka
chybí hrana	Blatenka
chybí hrana	Blatnička
chybí hrana	Blaťanka
chybí hrana	Bleskovka
chybí hrana	Blinka
chybí hrana	Bludověnka
chybí hrana	Boanka
chybí hrana	Bobelovka
chybí hrana	Bobrovanka
chybí hrana	Bobrůvanka
chybí hrana	Bobrůvka
chybí hrana	Bohemka
chybí hrana	Bohumíňačka
chybí hrana	Boháňka
chybí hrana	Boleslavačka
chybí hrana	Bolkonska
chybí hrana	Bolševička
chybí hrana	Borodinovka
chybí hrana	Borovinka
chybí hrana	Borovnička
chybí hrana	Borovovanka
chybí hrana	Borověnka
chybí hrana	Bosiljka
chybí hrana	Boskověnka
chybí hrana	Botkyrka
chybí hrana	Boušovka
chybí hrana	Božka
chybí hrana	Bratřejůvka
chybí hrana	Brdatka
chybí hrana	Brlenka
chybí hrana	Brněnka
chybí hrana	Brodečka
chybí hrana	Brodzka
chybí hrana	Broumovanka
chybí hrana	Broumovačka
chybí hrana	Broďačka
chybí hrana	Broďulka
chybí hrana	Brslenka
chybí hrana	Brtnička
chybí hrana	Bruntalačka
chybí hrana	Brusenka
chybí hrana	Brčalka
chybí hrana	Brčálka
chybí hrana	Brňačka
chybí hrana	Budějovanka
chybí hrana	Budějovičačka
chybí hrana	Buka
chybí hrana	Bulánka
chybí hrana	Bundesbanka
chybí hrana	Butovanka
chybí hrana	Butyrka
chybí hrana	Buzulka
chybí hrana	Bučalka
chybí hrana	Bučkovanka
chybí hrana	Bučávka
chybí hrana	Buďánka
chybí hrana	Bystrička
chybí hrana	Byšička
chybí hrana	Báthoryčka
chybí hrana	Bílovčanka
chybí hrana	Bóbrka
chybí hrana	Běluňka
chybí hrana	Bětulinka
chybí hrana	Břeclavačka
chybí hrana	Březovanka
chybí hrana	Casamanka
chybí hrana	Cerekvička
chybí hrana	Chabarovka
chybí hrana	Chabařovičanka
chybí hrana	Charitka
chybí hrana	Cheznovanka
chybí hrana	Chodovanka
chybí hrana	Chodynka
chybí hrana	Chomutovačka
chybí hrana	Chotovenka
chybí hrana	Chrudimačka
chybí hrana	Cigelka
chybí hrana	Cilinka
chybí hrana	Coka
chybí hrana	Coopbanka
chybí hrana	Cvinka
chybí hrana	Cyrenajka
chybí hrana	Czanka
chybí hrana	Cílka
chybí hrana	DJka
chybí hrana	Dalmatinka
chybí hrana	Dambořanka
chybí hrana	Datyňanka
chybí hrana	Debinka
chybí hrana	Dedinka
chybí hrana	Demänovka
chybí hrana	Desanka
chybí hrana	Deseniška
chybí hrana	Deštenka
chybí hrana	Dháka
chybí hrana	Dháranípitaka
chybí hrana	Diaka
chybí hrana	Dikaňka
chybí hrana	Dmytrivka
chybí hrana	Dobranka
chybí hrana	Dobrovanka
chybí hrana	Doka
chybí hrana	Dolinečka
chybí hrana	Dolívka
chybí hrana	Dolšanka
chybí hrana	Dominička
chybí hrana	Domovanka
chybí hrana	Dorritka
chybí hrana	Doubenka
chybí hrana	Doubravěnka
chybí hrana	Drachtinka
chybí hrana	Draslovka
chybí hrana	Drietomanka
chybí hrana	Dudinka
chybí hrana	Dunávka
chybí hrana	Durbinka
chybí hrana	Dvorska
chybí hrana	Dvořačka
chybí hrana	Dváraka
chybí hrana	Dwarka
chybí hrana	Dyjička
chybí hrana	Dášeňka
chybí hrana	Dúbravanka
chybí hrana	Děrničanka
chybí hrana	Dřevjanka
chybí hrana	Důbravanka
chybí hrana	Ekoagrobanka
chybí hrana	Ekoanalytika
chybí hrana	Ekobanka
chybí hrana	Eliška
chybí hrana	Erička
chybí hrana	Erosnička
chybí hrana	Erzetka
chybí hrana	Eržička
chybí hrana	Eska
chybí hrana	Estelka
chybí hrana	Etiopianka
chybí hrana	Etiopka
chybí hrana	Eureka
chybí hrana	Euridika
chybí hrana	Euromedika
chybí hrana	Eurydika
chybí hrana	Evrobanka
chybí hrana	Eximbanka
chybí hrana	Fablovka
chybí hrana	Fadettka
chybí hrana	Fajanka
chybí hrana	Fantastika
chybí hrana	Fanynka
chybí hrana	Felbabka
chybí hrana	Fialenka
chybí hrana	Fidorka
chybí hrana	Fillovka
chybí hrana	Filmuška
chybí hrana	Fišpanka
chybí hrana	Flajšnerka
chybí hrana	Flédynka
chybí hrana	Fofrovanka
chybí hrana	Folimanka
chybí hrana	Foresbanka
chybí hrana	Forestbanka
chybí hrana	Franckovka
chybí hrana	Franziska
chybí hrana	Friederika
chybí hrana	Fryšávka
chybí hrana	Fukuoka
chybí hrana	Galakka
chybí hrana	Galenika
chybí hrana	Geoekotechnika
chybí hrana	Geografika
chybí hrana	Gerlachovka
chybí hrana	Gertička
chybí hrana	Getsemanka
chybí hrana	Glajdovka
chybí hrana	Golčovanka
chybí hrana	Gorlovka
chybí hrana	Gorodenka
chybí hrana	Grabowska
chybí hrana	Grafičanka
chybí hrana	Grasmanka
chybí hrana	Grušenka
chybí hrana	Grébovka
chybí hrana	Gumotextilka
chybí hrana	Gustička
chybí hrana	Gutovka
chybí hrana	Géografika
chybí hrana	Habovka
chybí hrana	Habřínka
chybí hrana	Halieutika
chybí hrana	Hamrovka
chybí hrana	Hanačka
chybí hrana	Hanspaulka
chybí hrana	Hasičanka
chybí hrana	Havránka
chybí hrana	Hačka
chybí hrana	Heduška
chybí hrana	Hedvika
chybí hrana	Hejtmánka
chybí hrana	Hellénika
chybí hrana	Hesperidka
chybí hrana	Heureka
chybí hrana	Hiratsuka
chybí hrana	Hlavovka
chybí hrana	Hlincovka
chybí hrana	Hlinka
chybí hrana	Hložanka
chybí hrana	Hláska
chybí hrana	Hodoňačka
chybí hrana	Hončarivka
chybí hrana	Horlivka
chybí hrana	Horodenka
chybí hrana	Hostinka
chybí hrana	Houserovka
chybí hrana	Houštka
chybí hrana	Hošťka
chybí hrana	Hrabovka
chybí hrana	Hrabyňka
chybí hrana	Hradčovjanka
chybí hrana	Hramatka
chybí hrana	Hraničačka
chybí hrana	Hrdlovka
chybí hrana	Hromkočka
chybí hrana	Hromovka
chybí hrana	Hroznovka
chybí hrana	Humpolačka
chybí hrana	Husarka
chybí hrana	Husarůvka
chybí hrana	Husovka
chybí hrana	Hutmanka
chybí hrana	Hvězdlička
chybí hrana	Hydronika
chybí hrana	Hypobanka
chybí hrana	Hájenka
chybí hrana	Hájovanka
chybí hrana	Hýlačka
chybí hrana	Iberoamerika
chybí hrana	Indigirka
chybí hrana	Indonézanka
chybí hrana	Infografika
chybí hrana	Ingilinka
chybí hrana	Ingička
chybí hrana	Inkasentka
chybí hrana	Interbanka
chybí hrana	Investbanka
chybí hrana	Istrobanka
chybí hrana	Ithaka
chybí hrana	Ivuška
chybí hrana	Jablonka
chybí hrana	Jablůnka
chybí hrana	Jabuka
chybí hrana	Jamaika
chybí hrana	Jandovka
chybí hrana	Jančovka
chybí hrana	Jarmilenka
chybí hrana	Jaseka
chybí hrana	Jasionka
chybí hrana	Jasénka
chybí hrana	Jatelinečka
chybí hrana	Javišovka
chybí hrana	Javořinka
chybí hrana	Jařinka
chybí hrana	Jelka
chybí hrana	Jemnička
chybí hrana	Jevišovka
chybí hrana	Jihlávka
chybí hrana	Jihojemenka
chybí hrana	Jilovka
chybí hrana	Jitka
chybí hrana	Jitulka
chybí hrana	Jitunka
chybí hrana	Jokosuka
chybí hrana	Jouglovka
chybí hrana	Jožka
chybí hrana	Juliovka
chybí hrana	Juliska
chybí hrana	Jutaka
chybí hrana	Juvenka
chybí hrana	Juzivka
chybí hrana	Jíkalka
chybí hrana	Jívka
chybí hrana	Jůlinka
chybí hrana	Kachovka
chybí hrana	Kajaanijoka
chybí hrana	Kalvárka
chybí hrana	Kamenička
chybí hrana	Kameoka
chybí hrana	Kamerunčanka
chybí hrana	Kameruňanka
chybí hrana	Kamioka
chybí hrana	Kamouraska
chybí hrana	Kamuraska
chybí hrana	Kaménka
chybí hrana	Kamčatka
chybí hrana	Kaprovka
chybí hrana	Karasjoka
chybí hrana	Karlovaračka
chybí hrana	Karlovarka
chybí hrana	Karnátaka
chybí hrana	Kartika
chybí hrana	Karviňačka
chybí hrana	Katalánka
chybí hrana	Katuška
chybí hrana	Kazmarka
chybí hrana	Kejklovačka
chybí hrana	Kermeska
chybí hrana	Khaliuka
chybí hrana	Kika
chybí hrana	Kitynka
chybí hrana	Kladenka
chybí hrana	Klajdovka
chybí hrana	Klamovka
chybí hrana	Klatovačka
chybí hrana	Klaunika
chybí hrana	Klejnárka
chybí hrana	Klečůvka
chybí hrana	Klotzmanka
chybí hrana	Klučanka
chybí hrana	Kmochovanka
chybí hrana	Kníška
chybí hrana	Kněžpolanka
chybí hrana	Kněžívka
chybí hrana	Kobeřanka
chybí hrana	Kolka
chybí hrana	Kolovanka
chybí hrana	Kolíňačka
chybí hrana	Kolčavinka
chybí hrana	Komořinka
chybí hrana	Komňátka
chybí hrana	Konopička
chybí hrana	Kopřivnička
chybí hrana	Kopřivěnka
chybí hrana	Kornička
chybí hrana	Koroléwka
chybí hrana	Korolówka
chybí hrana	Koroužanka
chybí hrana	Korsika
chybí hrana	Kosaka
chybí hrana	Kostarika
chybí hrana	Kosénka
chybí hrana	Kotáranka
chybí hrana	Kočetovka
chybí hrana	Košulenka
chybí hrana	Krasejovka
chybí hrana	Kredenska
chybí hrana	Krejčovka
chybí hrana	Kremničanka
chybí hrana	Kremnička
chybí hrana	Krka
chybí hrana	Krkanka
chybí hrana	Krpolačka
chybí hrana	Krumsíňanka
chybí hrana	Královopolka
chybí hrana	Kungsbacka
chybí hrana	Kutnohoračka
chybí hrana	Kuška
chybí hrana	Květovanka
chybí hrana	Květňanka
chybí hrana	Kynegetika
chybí hrana	Kyrenaika
chybí hrana	Kyrenajka
chybí hrana	Kátěnka
chybí hrana	Křemelka
chybí hrana	Křetinka
chybí hrana	Křešičanka
chybí hrana	Křinářka
chybí hrana	Křižatka
chybí hrana	Křižovatka
chybí hrana	Křuska
chybí hrana	Křídlovanka
chybí hrana	Ladečka
chybí hrana	Ladynka
chybí hrana	Lajka
chybí hrana	Laka
chybí hrana	Lakrumka
chybí hrana	Lanžhotčanka
chybí hrana	Larnaka
chybí hrana	Laska
chybí hrana	Latrínka
chybí hrana	Lažíšťka
chybí hrana	Legiobanka
chybí hrana	Lejšovka
chybí hrana	Lenočka
chybí hrana	Lesněnka
chybí hrana	Leškovanka
chybí hrana	Ležnička
chybí hrana	Lhoťačka
chybí hrana	Libkovanka
chybí hrana	Libochůvka
chybí hrana	Lidečanka
chybí hrana	Lidověnka
chybí hrana	Lilinka
chybí hrana	Lilitka
chybí hrana	Lipenka
chybí hrana	Lipnička
chybí hrana	Lipovjanka
chybí hrana	Lipska
chybí hrana	Lipůvka
chybí hrana	Listvjanka
chybí hrana	Lizetka
chybí hrana	Lišňačka
chybí hrana	Lodoiska
chybí hrana	Loka
chybí hrana	Lolinka
chybí hrana	Lomňanka
chybí hrana	Lorička
chybí hrana	Lotinka
chybí hrana	Loučka
chybí hrana	Lubawka
chybí hrana	Lubjanka
chybí hrana	Ludvička
chybí hrana	Lusaka
chybí hrana	Lutonínka
chybí hrana	Lutětinka
chybí hrana	Lužička
chybí hrana	Lužničanka
chybí hrana	Lužnička
chybí hrana	Lácaranka
chybí hrana	Lárnaka
chybí hrana	Líska
chybí hrana	Lískulka
chybí hrana	Lúčka
chybí hrana	Madlénka
chybí hrana	Maguranka
chybí hrana	Majolenka
chybí hrana	Makabejka
chybí hrana	Makijevka
chybí hrana	Makijivka
chybí hrana	Malovanka
chybí hrana	Malsička
chybí hrana	Marekanka
chybí hrana	Marjánka
chybí hrana	Markýtka
chybí hrana	Marseillanka
chybí hrana	Maryčka
chybí hrana	Masaka
chybí hrana	Masaryčka
chybí hrana	Maňávka
chybí hrana	Melaka
chybí hrana	Melantriška
chybí hrana	Melhutka
chybí hrana	Merklinka
chybí hrana	Merrylinka
chybí hrana	Metallika
chybí hrana	Mezoamerika
chybí hrana	Mešjanovka
chybí hrana	Miarka
chybí hrana	Michnovka
chybí hrana	Micinka
chybí hrana	Miločanka
chybí hrana	Mistříňanka
chybí hrana	Mišurcka
chybí hrana	Mohelanka
chybí hrana	Mohelka
chybí hrana	Mohelnička
chybí hrana	Mokka
chybí hrana	Mokrůvka
chybí hrana	Monika
chybí hrana	Monička
chybí hrana	Morioka
chybí hrana	Morávka
chybí hrana	Motynka
chybí hrana	Mourinka
chybí hrana	Moštěnka
chybí hrana	Myslinka
chybí hrana	Myslůvka
chybí hrana	Máchovka
chybí hrana	Májovanka
chybí hrana	Májůvka
chybí hrana	Málinka
chybí hrana	Mánička
chybí hrana	Márinka
chybí hrana	Mášeňka
chybí hrana	Nachodka
chybí hrana	Naděnka
chybí hrana	Naka
chybí hrana	Nanynka
chybí hrana	Nastěnka
chybí hrana	Nebraska
chybí hrana	Nedakoňanka
chybí hrana	Nedveka
chybí hrana	Nedvědička
chybí hrana	Nekázanka
chybí hrana	Nepřevázka
chybí hrana	Nerudovka
chybí hrana	Neziskovka
chybí hrana	Nešpůvka
chybí hrana	Nežárka
chybí hrana	Nika
chybí hrana	Nikitchanka
chybí hrana	Ninočka
chybí hrana	Ninuška
chybí hrana	Nivničanka
chybí hrana	Nivnička
chybí hrana	Nofretka
chybí hrana	Novačka
chybí hrana	Novorolačka
chybí hrana	Novovešťanka
chybí hrana	Novska
chybí hrana	Nožka
chybí hrana	Nymburačka
chybí hrana	Nákelanka
chybí hrana	Nístějka
chybí hrana	Nýřaňanka
chybí hrana	Nětočka
chybí hrana	Obrtka
chybí hrana	Odenka
chybí hrana	Odetka
chybí hrana	Ofka
chybí hrana	Ofélinka
chybí hrana	Oka
chybí hrana	Okrouhlička
chybí hrana	Oldriška
chybí hrana	Olešenka
chybí hrana	Olešnička
chybí hrana	Olinečka
chybí hrana	Olšavěnka
chybí hrana	Olšověnka
chybí hrana	Omlenička
chybí hrana	Oněximbanka
chybí hrana	Onšovanka
chybí hrana	Opelika
chybí hrana	Opočenka
chybí hrana	Opálka
chybí hrana	Osaka
chybí hrana	Oshika
chybí hrana	Oslavička
chybí hrana	Osoblažka
chybí hrana	Ostravačka
chybí hrana	Ostravička
chybí hrana	Otilka
chybí hrana	Ottovka
chybí hrana	Otíňanka
chybí hrana	Palachovka
chybí hrana	Paliárka
chybí hrana	Palkovjanka
chybí hrana	Pallasovka
chybí hrana	Pampeliška
chybí hrana	Papežanka
chybí hrana	Papiernička
chybí hrana	Parohanka
chybí hrana	Partutovjanka
chybí hrana	Paseka
chybí hrana	Pasíčka
chybí hrana	Paťanka
chybí hrana	Pedauka
chybí hrana	Pelhřimačka
chybí hrana	Pentlička
chybí hrana	Pepička
chybí hrana	Perlovka
chybí hrana	Pernovka
chybí hrana	Petynka
chybí hrana	Pichlovanka
chybí hrana	Pintovka
chybí hrana	Pipsinka
chybí hrana	Pipsička
chybí hrana	Pivka
chybí hrana	Pivovárka
chybí hrana	Pišinka
chybí hrana	Plajznerka
chybí hrana	Plechařinka
chybí hrana	Pliska
chybí hrana	Plzeňačka
chybí hrana	Plznička
chybí hrana	Plácka
chybí hrana	Plánička
chybí hrana	Podboranka
chybí hrana	Podravka
chybí hrana	Pohřebačka
chybí hrana	Pohůrka
chybí hrana	Pokapuka
chybí hrana	Polančanka
chybí hrana	Poldinka
chybí hrana	Poldovka
chybí hrana	Polianka
chybí hrana	Polička
chybí hrana	Polnička
chybí hrana	Poluška
chybí hrana	Polužanka
chybí hrana	Polánka
chybí hrana	Polínka
chybí hrana	Ponávka
chybí hrana	Ponědrážka
chybí hrana	Portheimka
chybí hrana	Potkanka
chybí hrana	Pozorka
chybí hrana	Požeračka
chybí hrana	Pragobanka
chybí hrana	Pragomedika
chybí hrana	Pragooptika
chybí hrana	Pragovka
chybí hrana	Prajzovanka
chybí hrana	Pralesanka
chybí hrana	Pralessanka
chybí hrana	Praskačka
chybí hrana	Prašivka
chybí hrana	Preciézka
chybí hrana	Pribautka
chybí hrana	Prijanka
chybí hrana	Priska
chybí hrana	Prodanka
chybí hrana	Prušánka
chybí hrana	Pskovanka
chybí hrana	Pudlenka
chybí hrana	Pučanka
chybí hrana	Pálavanka
chybí hrana	Pěčnovanka
chybí hrana	Přerovačka
chybí hrana	Přeseka
chybí hrana	Přespolanka
chybí hrana	Příbramačka
chybí hrana	Příchvojanka
chybí hrana	Příkazanka
chybí hrana	Příluka
chybí hrana	Příseka
chybí hrana	Přívoranka
chybí hrana	Pštroska
chybí hrana	Radhika
chybí hrana	Radunka
chybí hrana	Rajčianka
chybí hrana	Raraka
chybí hrana	Rasovka
chybí hrana	Realitbanka
chybí hrana	Rebeka
chybí hrana	Regiobanka
chybí hrana	Rejnočka
chybí hrana	Reka
chybí hrana	Republika
chybí hrana	Rijeka
chybí hrana	Rjeka
chybí hrana	Rokytenka
chybí hrana	Rokytička
chybí hrana	Ronečka
chybí hrana	Ropičanka
chybí hrana	Rosénka
chybí hrana	Roudnička
chybí hrana	Rozpáralka
chybí hrana	Rozsíčka
chybí hrana	Rožnovjačka
chybí hrana	Rožínka
chybí hrana	Ruka
chybí hrana	Rupťupka
chybí hrana	Rustonka
chybí hrana	Rychvalďanka
chybí hrana	Rámovka
chybí hrana	Ráztoka
chybí hrana	Rézinka
chybí hrana	Rózička
chybí hrana	Růžďka
chybí hrana	Sabiňanka
chybí hrana	Sadovanka
chybí hrana	Salonika
chybí hrana	Samčanka
chybí hrana	Santoška
chybí hrana	Sazička
chybí hrana	Sazka
chybí hrana	Schmilka
chybí hrana	Sedlišťka
chybí hrana	Sendražanka
chybí hrana	Seninka
chybí hrana	Senička
chybí hrana	Severočeška
chybí hrana	Sisinka
chybí hrana	Skalanka
chybí hrana	Skalačka
chybí hrana	Skanska
chybí hrana	Sklenařinka
chybí hrana	Slovakomedika
chybí hrana	Slávečka
chybí hrana	Smraďavka
chybí hrana	Smuténka
chybí hrana	Sněhulka
chybí hrana	Sněhurka
chybí hrana	Sobunka
chybí hrana	Sofinka
chybí hrana	Sofronka
chybí hrana	Soljanka
chybí hrana	Solovačka
chybí hrana	Sonička
chybí hrana	Soněčka
chybí hrana	Soudovka
chybí hrana	Sovinka
chybí hrana	Sportka
chybí hrana	Spálenka
chybí hrana	Stajka
chybí hrana	Stavokeramika
chybí hrana	Stavovanka
chybí hrana	Stebenka
chybí hrana	Stelinka
chybí hrana	Stonávka
chybí hrana	Stouska
chybí hrana	Stratonika
chybí hrana	Strelenka
chybí hrana	Strelka
chybí hrana	Stránka
chybí hrana	Studenka
chybí hrana	Studienka
chybí hrana	Studánka
chybí hrana	Studénka
chybí hrana	Studýnka
chybí hrana	Stříbrnka
chybí hrana	Střídka
chybí hrana	Suchdolanka
chybí hrana	Sulejka
chybí hrana	Suttapitaka
chybí hrana	Suzuka
chybí hrana	Svatuška
chybí hrana	Svitávka
chybí hrana	Svratka
chybí hrana	Svárovanka
chybí hrana	Syrovátka
chybí hrana	Sárinka
chybí hrana	Sútrapitaka
chybí hrana	Taika
chybí hrana	Takaka
chybí hrana	Tanganika
chybí hrana	Tantrákhjájika
chybí hrana	Tantrálóka
chybí hrana	Tatrabanka
chybí hrana	Tatrovanka
chybí hrana	Tatrovka
chybí hrana	Telefónika
chybí hrana	Telemarka
chybí hrana	Teplička
chybí hrana	Teplotechnika
chybí hrana	Tesalonika
chybí hrana	Teslačka
chybí hrana	Tichávka
chybí hrana	Tillinka
chybí hrana	Tipitaka
chybí hrana	Tomkovka
chybí hrana	Tonička
chybí hrana	Tonuška
chybí hrana	Tornanádaska
chybí hrana	Toska
chybí hrana	Trafačka
chybí hrana	Transamazonika
chybí hrana	Transporttechnika
chybí hrana	Treblinka
chybí hrana	Tribádka
chybí hrana	Tripitaka
chybí hrana	Trkmanka
chybí hrana	Trnkovjanka
chybí hrana	Trnávka
chybí hrana	Trojačka
chybí hrana	Trutnovačka
chybí hrana	Tráchíňanka
chybí hrana	Tublatanka
chybí hrana	Tunguska
chybí hrana	Turnovačka
chybí hrana	Turzovka
chybí hrana	Tužinka
chybí hrana	Tyrolačka
chybí hrana	Táboračka
chybí hrana	Tánička
chybí hrana	Túfaranka
chybí hrana	Týnečanka
chybí hrana	Týnečka
chybí hrana	Třebnuška
chybí hrana	Třebovka
chybí hrana	Třebíška
chybí hrana	Třebůvka
chybí hrana	Třemošenka
chybí hrana	Tůmčička
chybí hrana	Ukrutanka
chybí hrana	Ulrika
chybí hrana	Ultračeška
chybí hrana	Unerázka
chybí hrana	Ungrovanka
chybí hrana	Unibanka
chybí hrana	Unionbanka
chybí hrana	Unička
chybí hrana	Unínčanka
chybí hrana	Ustka
chybí hrana	Ustronianka
chybí hrana	Uzbečka
chybí hrana	Vadapadraka
chybí hrana	Valanka
chybí hrana	Valdaufinka
chybí hrana	Valmezačka
chybí hrana	Valčenka
chybí hrana	Vasrpolačka
chybí hrana	Vasrpolka
chybí hrana	Vaňkovka
chybí hrana	Veitikka
chybí hrana	Vejrovka
chybí hrana	Velikonočka
chybí hrana	Veličanka
chybí hrana	Velkonočka
chybí hrana	Veronika
chybí hrana	Vetka
chybí hrana	Vidnávka
chybí hrana	Vika
chybí hrana	Vikárka
chybí hrana	Vimperačka
chybí hrana	Vinajapitaka
chybí hrana	Vinšovanka
chybí hrana	Vitinka
chybí hrana	Vjatka
chybí hrana	Vlajka
chybí hrana	Vlasenka
chybí hrana	Vlastička
chybí hrana	Vlaška
chybí hrana	Vlčovanka
chybí hrana	Vochtánka
chybí hrana	Vojtěška
chybí hrana	Volovka
chybí hrana	Volšinka
chybí hrana	Vranovanka
chybí hrana	Vratislávka
chybí hrana	Vrbička
chybí hrana	Vrlika
chybí hrana	Vrátňanka
chybí hrana	Vuka
chybí hrana	Vuoksenniska
chybí hrana	Vyšovatka
chybí hrana	Vyžlovka
chybí hrana	Václavanka
chybí hrana	Vápovka
chybí hrana	Véska
chybí hrana	Vídeňačka
chybí hrana	Víska
chybí hrana	Vížka
chybí hrana	Včelnička
chybí hrana	Vělička
chybí hrana	Věnovanka
chybí hrana	Věžnička
chybí hrana	Vřesůvka
chybí hrana	Všemínka
chybí hrana	Waltrovka
chybí hrana	Wieliczka
chybí hrana	Xenička
chybí hrana	Ypsilonka
chybí hrana	Zagrebačka
chybí hrana	Zahrádka
chybí hrana	Zaklínadlotéka
chybí hrana	Zakázanka
chybí hrana	Zastávka
chybí hrana	Zatlanka
chybí hrana	Zdobnička
chybí hrana	Zdounečanka
chybí hrana	Zemplínčanka
chybí hrana	Zengrovka
chybí hrana	Zguriška
chybí hrana	Zinočka
chybí hrana	Zlatunka
chybí hrana	Zlaťanka
chybí hrana	Zlaťulka
chybí hrana	Zlámanka
chybí hrana	Zlátenka
chybí hrana	Zlíňačka
chybí hrana	Znamenka
chybí hrana	Zouvalka
chybí hrana	Zoška
chybí hrana	Zranka
chybí hrana	Zrzávka
chybí hrana	Ztracenka
chybí hrana	Zuleyka
chybí hrana	Zuzička
chybí hrana	Zvonilka
chybí hrana	Zábrdka
chybí hrana	Záhoračka
chybí hrana	Západočeška
chybí hrana	Záporožka
chybí hrana	Záseka
chybí hrana	abdominoplastika
chybí hrana	aerobička
chybí hrana	aerodynamika
chybí hrana	aerostatika
chybí hrana	aerotryska
chybí hrana	afroditka
chybí hrana	agrofyzika
chybí hrana	aidovka
chybí hrana	akordika
chybí hrana	akrobatika
chybí hrana	aktorika
chybí hrana	akuvrtačka
chybí hrana	alboka
chybí hrana	alkohlídka
chybí hrana	aloplastika
chybí hrana	alpinka
chybí hrana	američka
chybí hrana	anakreontika
chybí hrana	angiolinka
chybí hrana	angioplastika
chybí hrana	anglistika
chybí hrana	anorganika
chybí hrana	antitelefonika
chybí hrana	antropomotorika
chybí hrana	antroponomastika
chybí hrana	aralka
chybí hrana	arboristika
chybí hrana	archeoastronautika
chybí hrana	archeobotanička
chybí hrana	archeogenetika
chybí hrana	archeogeofyzika
chybí hrana	arcikuplířka
chybí hrana	artistika
chybí hrana	artotéka
chybí hrana	astrobioložka
chybí hrana	astrofyzika
chybí hrana	astrofyzička
chybí hrana	astronautika
chybí hrana	athabaska
chybí hrana	atomkecka
chybí hrana	audioknížka
chybí hrana	audionahrávka
chybí hrana	audiopáska
chybí hrana	audiostezka
chybí hrana	autocharakteristika
chybí hrana	autochladnička
chybí hrana	autodiagnostika
chybí hrana	autodrožka
chybí hrana	autoerotika
chybí hrana	autohlídka
chybí hrana	autohonička
chybí hrana	autokritika
chybí hrana	automyčka
chybí hrana	autoopěrka
chybí hrana	autoprotilátka
chybí hrana	autopumpička
chybí hrana	autosoučástka
chybí hrana	autosvíčka
chybí hrana	autozahrádka
chybí hrana	autozásuvka
chybí hrana	aviatika
chybí hrana	aviatička
chybí hrana	avionika
chybí hrana	axiomatika
chybí hrana	babulinka
chybí hrana	babulka
chybí hrana	baběnka
chybí hrana	bachorovka
chybí hrana	bahnatka
chybí hrana	bahnomilka
chybí hrana	bajdarka
chybí hrana	balinéska
chybí hrana	balkanistika
chybí hrana	balneotechnika
chybí hrana	banksovka
chybí hrana	baníkovka
chybí hrana	baranička
chybí hrana	barevka
chybí hrana	barnabitka
chybí hrana	baskřídlovka
chybí hrana	batmanovka
chybí hrana	bauerka
chybí hrana	bazarovka
chybí hrana	bechyňka
chybí hrana	begonka
chybí hrana	bejlomorka
chybí hrana	bejsbolka
chybí hrana	berdanovka
chybí hrana	berlovka
chybí hrana	betabuňka
chybí hrana	bezosetka
chybí hrana	bezovka
chybí hrana	bezvláska
chybí hrana	biankosměnka
chybí hrana	bibliotheka
chybí hrana	binovačka
chybí hrana	biobedýnka
chybí hrana	biodynamika
chybí hrana	bioetika
chybí hrana	biofyzička
chybí hrana	biogenetika
chybí hrana	bioholčička
chybí hrana	biohorečka
chybí hrana	biojednotka
chybí hrana	biolahůdka
chybí hrana	biomanželka
chybí hrana	bionabídka
chybí hrana	bionovinka
chybí hrana	bionáhražka
chybí hrana	bioplenka
chybí hrana	biopodestýlka
chybí hrana	biopolička
chybí hrana	bioponorka
chybí hrana	bioponožka
chybí hrana	biopřesnídávka
chybí hrana	biorobotika
chybí hrana	bioskládka
chybí hrana	biostrouhanka
chybí hrana	biosušenka
chybí hrana	biotlačenka
chybí hrana	biotronika
chybí hrana	biovodka
chybí hrana	bioznačka
chybí hrana	biočástka
chybí hrana	bioředkvička
chybí hrana	biska
chybí hrana	bičenka
chybí hrana	bičovka
chybí hrana	blankosměnka
chybí hrana	blatěnka
chybí hrana	blednivka
chybí hrana	blefaroplastika
chybí hrana	bleskojistka
chybí hrana	blitka
chybí hrana	blogohlídka
chybí hrana	blogopovídka
chybí hrana	blondýnečka
chybí hrana	blátotlačka
chybí hrana	blíženka
chybí hrana	bochnatka
chybí hrana	bodalka
chybí hrana	bohemistika
chybí hrana	boka
chybí hrana	bolonka
chybí hrana	boltcovitka
chybí hrana	borisovka
chybí hrana	borůvka
chybí hrana	bosonožka
chybí hrana	botinka
chybí hrana	bouldermatka
chybí hrana	boulderovka
chybí hrana	bouldrovka
chybí hrana	bradička
chybí hrana	braničnatka
chybí hrana	brančička
chybí hrana	brdečka
chybí hrana	brebentilka
chybí hrana	brlenka
chybí hrana	brousítka
chybí hrana	brožůrka
chybí hrana	bryerka
chybí hrana	bránečka
chybí hrana	budgetovka
chybí hrana	bufalobilka
chybí hrana	butelka
chybí hrana	buzerbudka
chybí hrana	buzertaška
chybí hrana	buňkovka
chybí hrana	bábrlinka
chybí hrana	básninka
chybí hrana	bázlivka
chybí hrana	bílinka
chybí hrana	běhnička
chybí hrana	bělolístka
chybí hrana	bělomorka
chybí hrana	běloprstka
chybí hrana	bělorusistika
chybí hrana	bělozubka
chybí hrana	bělozářka
chybí hrana	běločechratka
chybí hrana	celtička
chybí hrana	cenička
chybí hrana	centezimálka
chybí hrana	cepovka
chybí hrana	cerepetička
chybí hrana	ceroplastika
chybí hrana	chalcidka
chybí hrana	chapadlovka
chybí hrana	charvátka
chybí hrana	chemosystematika
chybí hrana	chlopnička
chybí hrana	chobotnatka
chybí hrana	cholerička
chybí hrana	choristika
chybí hrana	choulostivka
chybí hrana	chrematistika
chybí hrana	chromatika
chybí hrana	chromodynamika
chybí hrana	chruščovka
chybí hrana	chuťovečka
chybí hrana	chřestačka
chybí hrana	chůvnička
chybí hrana	cibulenka
chybí hrana	cibulovka
chybí hrana	cifračka
chybí hrana	cihelnička
chybí hrana	citlivka
chybí hrana	civilistika
chybí hrana	clementinka
chybí hrana	cyklistika
chybí hrana	cyklochoutka
chybí hrana	cyklofotka
chybí hrana	cyklohlídka
chybí hrana	cyklohospůdka
chybí hrana	cykloidylka
chybí hrana	cyklojednotka
chybí hrana	cykloklička
chybí hrana	cyklokřižovatka
chybí hrana	cyklolinka
chybí hrana	cyklolékárnička
chybí hrana	cyklonabídka
chybí hrana	cyklonovinka
chybí hrana	cykloodpočívka
chybí hrana	cyklopláštěnka
chybí hrana	cykloproblematika
chybí hrana	cykloprohlídka
chybí hrana	cykloprojížďka
chybí hrana	cykloradovánka
chybí hrana	cyklorodinka
chybí hrana	cyklorozcvička
chybí hrana	cyklosedačka
chybí hrana	cyklosměrovka
chybí hrana	cyklostránka
chybí hrana	cyklosvětluška
chybí hrana	cyklotematika
chybí hrana	cyklotoulka
chybí hrana	cyklovložka
chybí hrana	cyklovyjížďka
chybí hrana	cyklozahrádka
chybí hrana	cyklozkratka
chybí hrana	cykloznačka
chybí hrana	cykloznámka
chybí hrana	cylindrovka
chybí hrana	cytoarchitektonika
chybí hrana	cytodiagnostika
chybí hrana	cytogenetika
chybí hrana	daktylotika
chybí hrana	darabukka
chybí hrana	darbuka
chybí hrana	databanka
chybí hrana	datosměnka
chybí hrana	dcerečka
chybí hrana	debardérka
chybí hrana	debka
chybí hrana	decička
chybí hrana	demodeska
chybí hrana	demonahrávka
chybí hrana	depotsměnka
chybí hrana	dermatoglyfika
chybí hrana	desetikačka
chybí hrana	desetikopějka
chybí hrana	desetiletka
chybí hrana	desetimarka
chybí hrana	destilka
chybí hrana	desítka
chybí hrana	devadesátdevítka
chybí hrana	devadesátdvojka
chybí hrana	devadesátjednička
chybí hrana	devadesátpětka
chybí hrana	devadesátčtyřka
chybí hrana	devadesátšestka
chybí hrana	devatenáctistovka
chybí hrana	devítibranka
chybí hrana	devítijamka
chybí hrana	devítijamkovka
chybí hrana	devítistovka
chybí hrana	devítka
chybí hrana	devětadvacítka
chybí hrana	devětatřicítka
chybí hrana	devětačtyřicítka
chybí hrana	devětsetdevadesátka
chybí hrana	devětsetjedenáctka
chybí hrana	devětsetjednička
chybí hrana	devětsetpadesátka
chybí hrana	devětsetčtyřicítka
chybí hrana	devětsetšedesátka
chybí hrana	deňka
chybí hrana	dhammaguttika
chybí hrana	dharmaguptaka
chybí hrana	dharmaguptika
chybí hrana	diagnostika
chybí hrana	diagnostička
chybí hrana	diakritika
chybí hrana	dialektika
chybí hrana	dialektička
chybí hrana	dianetika
chybí hrana	diapromítačka
chybí hrana	diatonika
chybí hrana	diazolátka
chybí hrana	digihlídka
chybí hrana	dinitrolátka
chybí hrana	diskobabička
chybí hrana	diskoerotika
chybí hrana	diskoholka
chybí hrana	diskolucernička
chybí hrana	diskomažoretka
chybí hrana	diskonadílka
chybí hrana	diskopolka
chybí hrana	diskosušenka
chybí hrana	diskotéka
chybí hrana	diskotékovka
chybí hrana	diskoškolka
chybí hrana	distribučka
chybí hrana	divoženka
chybí hrana	dlabanka
chybí hrana	dlanička
chybí hrana	dlouhohlávka
chybí hrana	dlouhonožka
chybí hrana	dmuchavka
chybí hrana	dobrodružka
chybí hrana	dobrotruska
chybí hrana	dodržka
chybí hrana	dogmatička
chybí hrana	dohláška
chybí hrana	dolačka
chybí hrana	doliňačka
chybí hrana	domorodačka
chybí hrana	domotika
chybí hrana	doměrka
chybí hrana	doomovka
chybí hrana	dopingovka
chybí hrana	doplňkovka
chybí hrana	dotahovačka
chybí hrana	dramaturžka
chybí hrana	drblinka
chybí hrana	drbnička
chybí hrana	drhnička
chybí hrana	drkalka
chybí hrana	drobnoústka
chybí hrana	dročka
chybí hrana	droška
chybí hrana	druhorodička
chybí hrana	družka
chybí hrana	držkovka
chybí hrana	duchénka
chybí hrana	duplika
chybí hrana	duritka
chybí hrana	dutohlávka
chybí hrana	dvaadvacítka
chybí hrana	dvaatřicítka
chybí hrana	dvaačtyřicítka
chybí hrana	dvaceminutovka
chybí hrana	dvacetdevítka
chybí hrana	dvacetdvojka
chybí hrana	dvacetijüanovka
chybí hrana	dvacetikačka
chybí hrana	dvacetiletka
chybí hrana	dvacetilirovka
chybí hrana	dvacetimarkovka
chybí hrana	dvacetišestka
chybí hrana	dvacetišilinkovka
chybí hrana	dvacetjednička
chybí hrana	dvacettrojka
chybí hrana	dvacetčtyřka
chybí hrana	dvacítka
chybí hrana	dvanáctibytovka
chybí hrana	dvanáctistovka
chybí hrana	dvanáctička
chybí hrana	dvanáctsetjednička
chybí hrana	dvanáctsettrojka
chybí hrana	dvaosmšestka
chybí hrana	dvojačka
chybí hrana	dvojbabka
chybí hrana	dvojbulka
chybí hrana	dvojbytovka
chybí hrana	dvojdecka
chybí hrana	dvojdávka
chybí hrana	dvoječka
chybí hrana	dvojfotka
chybí hrana	dvojgenerálka
chybí hrana	dvojgumička
chybí hrana	dvojhláska
chybí hrana	dvojhoupačka
chybí hrana	dvojjízdenka
chybí hrana	dvojkladka
chybí hrana	dvojkoloběžka
chybí hrana	dvojlampovka
chybí hrana	dvojlinka
chybí hrana	dvojmaska
chybí hrana	dvojnahrávka
chybí hrana	dvojnavštívenka
chybí hrana	dvojnažka
chybí hrana	dvojnožka
chybí hrana	dvojnulka
chybí hrana	dvojnádobka
chybí hrana	dvojotázka
chybí hrana	dvojplotýnka
chybí hrana	dvojpneumatika
chybí hrana	dvojpohovka
chybí hrana	dvojpohádka
chybí hrana	dvojpomlázka
chybí hrana	dvojpostýlka
chybí hrana	dvojposádka
chybí hrana	dvojpřehlídka
chybí hrana	dvojpůlka
chybí hrana	dvojsbírka
chybí hrana	dvojsedačka
chybí hrana	dvojslabika
chybí hrana	dvojslivka
chybí hrana	dvojsloka
chybí hrana	dvojsmyčka
chybí hrana	dvojstovka
chybí hrana	dvojstěnka
chybí hrana	dvojsázka
chybí hrana	dvojtažka
chybí hrana	dvojtrubka
chybí hrana	dvojtyčka
chybí hrana	dvojvolbička
chybí hrana	dvojvstupenka
chybí hrana	dvojzatáčka
chybí hrana	dvojzemljanka
chybí hrana	dvojzkouška
chybí hrana	dvojznačka
chybí hrana	dvojznámka
chybí hrana	dvojzásuvka
chybí hrana	dvojšlapka
chybí hrana	dvouapůlka
chybí hrana	dvoubytovka
chybí hrana	dvoudecovka
chybí hrana	dvoudenka
chybí hrana	dvoufázovka
chybí hrana	dvougarsonka
chybí hrana	dvoukolejka
chybí hrana	dvoukoloběžka
chybí hrana	dvoulampovka
chybí hrana	dvoulibrovka
chybí hrana	dvoulitrovka
chybí hrana	dvoumetrovka
chybí hrana	dvoumiska
chybí hrana	dvounožka
chybí hrana	dvoupencovka
chybí hrana	dvouproudovka
chybí hrana	dvoupístka
chybí hrana	dvoupřekážka
chybí hrana	dvousetpadesátka
chybí hrana	dvousetčtyřicítka
chybí hrana	dvouspojka
chybí hrana	dvoustisícovka
chybí hrana	dvoutunka
chybí hrana	dvoutřetinka
chybí hrana	dvoutřídka
chybí hrana	dvouvlajka
chybí hrana	dvouzlatovka
chybí hrana	dvířkařka
chybí hrana	dvěstědevítka
chybí hrana	dvěstěosmdesátšestka
chybí hrana	dvěstěosmička
chybí hrana	dvěstěpětapadesátka
chybí hrana	dvěstěsedmička
chybí hrana	dvěstěšestka
chybí hrana	dylanovka
chybí hrana	dynovačka
chybí hrana	dálnička
chybí hrana	dámeska
chybí hrana	déjednička
chybí hrana	dírečka
chybí hrana	dívka
chybí hrana	dýmovnička
chybí hrana	dýnička
chybí hrana	děrkavka
chybí hrana	děrovka
chybí hrana	dřevěnička
chybí hrana	dřípatka
chybí hrana	dřístka
chybí hrana	důminka
chybí hrana	džběrovka
chybí hrana	džezgymnastika
chybí hrana	džigitovka
chybí hrana	džusovka
chybí hrana	džípíeska
chybí hrana	džíska
chybí hrana	eBanka
chybí hrana	efjednička
chybí hrana	egyptienka
chybí hrana	eifellovka
chybí hrana	ekistika
chybí hrana	ekoetika
chybí hrana	ekonabídka
chybí hrana	ekopedagogika
chybí hrana	ekopohádka
chybí hrana	ekoskládka
chybí hrana	ekozakázka
chybí hrana	ekoznačka
chybí hrana	ekožárovka
chybí hrana	eldéenka
chybí hrana	eleganska
chybí hrana	elektroakustika
chybí hrana	elektrocívka
chybí hrana	elektrodynamika
chybí hrana	elektrokaustika
chybí hrana	elektrokinetika
chybí hrana	elektrokoloběžka
chybí hrana	elektrolávka
chybí hrana	elektronička
chybí hrana	elektrooptika
chybí hrana	elektroprůmyslovka
chybí hrana	elektropřechodka
chybí hrana	elektropřípojka
chybí hrana	elektrosoučástka
chybí hrana	elektrostatika
chybí hrana	elektrotvarovka
chybí hrana	elektroškrabka
chybí hrana	elementaristika
chybí hrana	emancipistka
chybí hrana	ememeska
chybí hrana	empétrojka
chybí hrana	encyklopedistika
chybí hrana	endofyzika
chybí hrana	endoprotetika
chybí hrana	enklitika
chybí hrana	epigramatika
chybí hrana	epromka
chybí hrana	ergodiagnostika
chybí hrana	eristika
chybí hrana	erpětka
chybí hrana	esemeska
chybí hrana	eskulapka
chybí hrana	eskymačka
chybí hrana	esovka
chybí hrana	espézetka
chybí hrana	etapovka
chybí hrana	ethika
chybí hrana	etnolingvistika
chybí hrana	eubiotika
chybí hrana	eurobankovka
chybí hrana	eurokandidátka
chybí hrana	euromarka
chybí hrana	eurookurka
chybí hrana	euroturistika
chybí hrana	eurozásuvka
chybí hrana	evangelička
chybí hrana	exkandidátka
chybí hrana	exotika
chybí hrana	exovka
chybí hrana	expolitička
chybí hrana	ezoterička
chybí hrana	fabka
chybí hrana	fajnůstka
chybí hrana	falckraběnka
chybí hrana	falcovka
chybí hrana	faleristika
chybí hrana	farmakodynamika
chybí hrana	farmakokinetika
chybí hrana	farmička
chybí hrana	fasfulka
chybí hrana	faunistika
chybí hrana	fazulka
chybí hrana	fašírka
chybí hrana	fedrovka
chybí hrana	fefrmintka
chybí hrana	femtobuňka
chybí hrana	fenička
chybí hrana	finálovka
chybí hrana	firhaňka
chybí hrana	fišpanka
chybí hrana	flashka
chybí hrana	floptika
chybí hrana	florentýnka
chybí hrana	fonetika
chybí hrana	foniatrička
chybí hrana	fonotaktika
chybí hrana	fonotéka
chybí hrana	fordovka
chybí hrana	fotoknížka
chybí hrana	fotoplastika
chybí hrana	fotosbírka
chybí hrana	fotostránka
chybí hrana	fototuristika
chybí hrana	fotovoltaika
chybí hrana	frajárka
chybí hrana	fraszka
chybí hrana	frcinka
chybí hrana	freewarovka
chybí hrana	freudovka
chybí hrana	fríska
chybí hrana	frýzka
chybí hrana	furka
chybí hrana	fuseklička
chybí hrana	fytoenergetika
chybí hrana	fytotechnika
chybí hrana	gadžovka
chybí hrana	galanterka
chybí hrana	galapřehlídka
chybí hrana	galetka
chybí hrana	galvanotechnika
chybí hrana	garančka
chybí hrana	gastroturistika
chybí hrana	gauloiska
chybí hrana	geobotanika
chybí hrana	geodynamika
chybí hrana	geofyzika
chybí hrana	geoinformatika
chybí hrana	geonika
chybí hrana	geopolitika
chybí hrana	geostezka
chybí hrana	geotektonika
chybí hrana	geotermika
chybí hrana	geriatrička
chybí hrana	glosematika
chybí hrana	glyptotéka
chybí hrana	gobelinářka
chybí hrana	gottovka
chybí hrana	gottwaldovka
chybí hrana	gracka
chybí hrana	graffiťačka
chybí hrana	grafika
chybí hrana	grafémika
chybí hrana	gramodeska
chybí hrana	gramoskříňka
chybí hrana	grantovka
chybí hrana	graždanka
chybí hrana	grifonka
chybí hrana	grotovka
chybí hrana	grévka
chybí hrana	guvernantka
chybí hrana	gázmaska
chybí hrana	gókulika
chybí hrana	hadrovka
chybí hrana	hajnička
chybí hrana	haklička
chybí hrana	halovka
chybí hrana	hamaka
chybí hrana	hamerleska
chybí hrana	hapestetika
chybí hrana	harcovka
chybí hrana	harka
chybí hrana	hatlamatilka
chybí hrana	havlinka
chybí hrana	havlovka
chybí hrana	hašlerovka
chybí hrana	hašteřilka
chybí hrana	hebrejka
chybí hrana	hecovačka
chybí hrana	hedvábnička
chybí hrana	helioenergetika
chybí hrana	heliotechnika
chybí hrana	helvetika
chybí hrana	hemostatika
chybí hrana	hemostyptika
chybí hrana	herburka
chybí hrana	hermetika
chybí hrana	hermovka
chybí hrana	heroikomika
chybí hrana	hifitechnika
chybí hrana	hihňalka
chybí hrana	hipostezka
chybí hrana	hipísačka
chybí hrana	hispanistika
chybí hrana	hitůvka
chybí hrana	hlavinka
chybí hrana	hloubička
chybí hrana	hlínovka
chybí hrana	hmyzomorka
chybí hrana	hmátka
chybí hrana	hnilobytka
chybí hrana	hnízdotvorka
chybí hrana	hnízdovka
chybí hrana	hnědoočka
chybí hrana	hnětenka
chybí hrana	hodinečka
chybí hrana	hodnůtka
chybí hrana	hoholka
chybí hrana	hokejovka
chybí hrana	holandka
chybí hrana	holmesovka
chybí hrana	homeopatička
chybí hrana	horylka
chybí hrana	houbomilka
chybí hrana	hounička
chybí hrana	hrabůvka
chybí hrana	hromadilka
chybí hrana	hromovka
chybí hrana	hrstečka
chybí hrana	hrsťovačka
chybí hrana	hrsťovka
chybí hrana	hruškovka
chybí hrana	hubatka
chybí hrana	huhňalka
chybí hrana	humanistika
chybí hrana	hungaristika
chybí hrana	huňka
chybí hrana	hvízdalka
chybí hrana	hydrodynamika
chybí hrana	hydroenergetika
chybí hrana	hydrostatika
chybí hrana	hygienistka
chybí hrana	hymnika
chybí hrana	hypotéka
chybí hrana	hřbetovka
chybí hrana	hůlečka
chybí hrana	iberoamerikanistika
chybí hrana	idejka
chybí hrana	imortelka
chybí hrana	imunodiagnostika
chybí hrana	indoeuropeistika
chybí hrana	infobrožurka
chybí hrana	infratechnika
chybí hrana	inkunabulistika
chybí hrana	instalačka
chybí hrana	intralogistika
chybí hrana	inzerťačka
chybí hrana	italika
chybí hrana	italinistika
chybí hrana	izokřivka
chybí hrana	jaderka
chybí hrana	jadernička
chybí hrana	jalovcovka
chybí hrana	jalůvka
chybí hrana	jamkovka
chybí hrana	japanistika
chybí hrana	jarnička
chybí hrana	jazztrubka
chybí hrana	jedenadvacítka
chybí hrana	jedenatřicítka
chybí hrana	jedenačtyřicítka
chybí hrana	jedenáctistovka
chybí hrana	jednička
chybí hrana	jednodílka
chybí hrana	jednokolejka
chybí hrana	jednokoňka
chybí hrana	jednosměrka
chybí hrana	jednošichtovka
chybí hrana	jednuška
chybí hrana	jedůvka
chybí hrana	ježůvka
chybí hrana	jipka
chybí hrana	jonátka
chybí hrana	jugoslávka
chybí hrana	jízlivka
chybí hrana	kabelička
chybí hrana	kabinečka
chybí hrana	kachlovka
chybí hrana	kajutovka
chybí hrana	kalistenika
chybí hrana	kalobiotika
chybí hrana	kampanička
chybí hrana	kanadistika
chybí hrana	kantiniérka
chybí hrana	kapitálovka
chybí hrana	kaprovka
chybí hrana	kapslíkovka
chybí hrana	karafinka
chybí hrana	karbobruska
chybí hrana	kardiotonika
chybí hrana	kartotéka
chybí hrana	kaukkutika
chybí hrana	kaurukullaka
chybí hrana	kazuistika
chybí hrana	kejtička
chybí hrana	keratoplastika
chybí hrana	kimovka
chybí hrana	kinopromítačka
chybí hrana	klanolístka
chybí hrana	klanopraška
chybí hrana	klapavka
chybí hrana	klapička
chybí hrana	klausovka
chybí hrana	klenovka
chybí hrana	klepačka
chybí hrana	klešťanka
chybí hrana	kliftonka
chybí hrana	klihovka
chybí hrana	klikovka
chybí hrana	klimajednotka
chybí hrana	klingerka
chybí hrana	klivka
chybí hrana	kličička
chybí hrana	klobásečka
chybí hrana	klotzovka
chybí hrana	klovka
chybí hrana	kléska
chybí hrana	kmenovka
chybí hrana	knihovačka
chybí hrana	kníženka
chybí hrana	kolaudačka
chybí hrana	kolejenka
chybí hrana	kolikátka
chybí hrana	koloidika
chybí hrana	koloristika
chybí hrana	komanditka
chybí hrana	kombinačka
chybí hrana	komercialistika
chybí hrana	kompostovka
chybí hrana	komůrčička
chybí hrana	kongresovka
chybí hrana	kontilinka
chybí hrana	kontramarka
chybí hrana	kontramatka
chybí hrana	konvalinka
chybí hrana	koněspřežka
chybí hrana	kopečkovka
chybí hrana	koreanistika
chybí hrana	korintka
chybí hrana	kornyška
chybí hrana	korytnačka
chybí hrana	kosatečka
chybí hrana	kosmonautika
chybí hrana	koteka
chybí hrana	kotoučovka
chybí hrana	kotovka
chybí hrana	kotávka
chybí hrana	koutnička
chybí hrana	kovárnička
chybí hrana	kozlovka
chybí hrana	kočenka
chybí hrana	kočkodlačka
chybí hrana	koňačka
chybí hrana	kořenokvětka
chybí hrana	košilenka
chybí hrana	košilinka
chybí hrana	koštovka
chybí hrana	košulenka
chybí hrana	krajkovka
chybí hrana	krajnička
chybí hrana	krasavička
chybí hrana	krbovka
chybí hrana	kredenska
chybí hrana	krepsilonka
chybí hrana	kriminoložka
chybí hrana	krimipovídka
chybí hrana	krkoška
chybí hrana	kroatistika
chybí hrana	krokovka
chybí hrana	kropenatka
chybí hrana	krtonožka
chybí hrana	kručinka
chybí hrana	kryobanka
chybí hrana	kryogenika
chybí hrana	kryotechnika
chybí hrana	krytenka
chybí hrana	krásnoplodka
chybí hrana	krásnoporka
chybí hrana	krčilka
chybí hrana	kudlovačka
chybí hrana	kukkulika
chybí hrana	kulovka
chybí hrana	kurzovka
chybí hrana	kustřebička
chybí hrana	kuřavka
chybí hrana	kuželnatka
chybí hrana	kuželosečka
chybí hrana	kvaka
chybí hrana	kvazipůjčka
chybí hrana	kvazirepublika
chybí hrana	květinovka
chybí hrana	květosavka
chybí hrana	kybernetika
chybí hrana	kyjanka
chybí hrana	kysibelka
chybí hrana	kytinka
chybí hrana	káčovka
chybí hrana	kýlovka
chybí hrana	křečovka
chybí hrana	křivochcalka
chybí hrana	kříčka
chybí hrana	kšeftovka
chybí hrana	kšilovka
chybí hrana	ladonička
chybí hrana	ladovka
chybí hrana	lajska
chybí hrana	lanička
chybí hrana	lankasterka
chybí hrana	larzenka
chybí hrana	laskonka
chybí hrana	latička
chybí hrana	leghornka
chybí hrana	lehkoživka
chybí hrana	lemůvka
chybí hrana	leopardovka
chybí hrana	lesklenka
chybí hrana	lidůvka
chybí hrana	ligeroska
chybí hrana	liliovka
chybí hrana	limetka
chybí hrana	limonádička
chybí hrana	limonádovka
chybí hrana	logistika
chybí hrana	lokotka
chybí hrana	lucerka
chybí hrana	lupinovka
chybí hrana	lušťovka
chybí hrana	lžimorálka
chybí hrana	mBanka
chybí hrana	machovka
chybí hrana	madhjamika
chybí hrana	magdalenitka
chybí hrana	magnetohydrodynamika
chybí hrana	magnetooptika
chybí hrana	magnetotelurika
chybí hrana	mahásanghika
chybí hrana	majolenka
chybí hrana	makedonistika
chybí hrana	makrobiotika
chybí hrana	makrobiotička
chybí hrana	makrojednotka
chybí hrana	makronka
chybí hrana	makroobrazovka
chybí hrana	makroseizmika
chybí hrana	malorážka
chybí hrana	mamulenka
chybí hrana	mamuška
chybí hrana	mandarinečka
chybí hrana	mandlovka
chybí hrana	mantika
chybí hrana	martenička
chybí hrana	marulka
chybí hrana	marškumpačka
chybí hrana	masírka
chybí hrana	mateřídouška
chybí hrana	matonka
chybí hrana	matroška
chybí hrana	maureska
chybí hrana	mauzerovka
chybí hrana	maxikřížovka
chybí hrana	maxiprskavka
chybí hrana	maxiskládka
chybí hrana	mařinka
chybí hrana	mcbainovka
chybí hrana	mediatéka
chybí hrana	medievistika
chybí hrana	medvědobijka
chybí hrana	megaobrazovka
chybí hrana	melika
chybí hrana	melismatika
chybí hrana	melomimika
chybí hrana	meloplastika
chybí hrana	melorytmika
chybí hrana	memfiska
chybí hrana	memopoložka
chybí hrana	mestička
chybí hrana	metalotéka
chybí hrana	meteobudka
chybí hrana	meteohláska
chybí hrana	mezikapitolka
chybí hrana	mezipodšívka
chybí hrana	mezistránka
chybí hrana	mezizastávka
chybí hrana	mezičárka
chybí hrana	mezzomajolika
chybí hrana	micka
chybí hrana	midinetka
chybí hrana	milička
chybí hrana	mimoňka
chybí hrana	minervistka
chybí hrana	minečka
chybí hrana	minolovka
chybí hrana	minonoska
chybí hrana	minutečka
chybí hrana	misnička
chybí hrana	mlékárnička
chybí hrana	mnemonika
chybí hrana	mnohorodička
chybí hrana	mnohožilka
chybí hrana	mochomůrka
chybí hrana	modlilka
chybí hrana	modranka
chybí hrana	mohutnatka
chybí hrana	mongolistika
chybí hrana	monobanka
chybí hrana	montérpáka
chybí hrana	moravistika
chybí hrana	mordovka
chybí hrana	morfematika
chybí hrana	morfotaktika
chybí hrana	morůvka
chybí hrana	motoběžka
chybí hrana	motohlídka
chybí hrana	motokoloběžka
chybí hrana	motolékárnička
chybí hrana	mototuristika
chybí hrana	moučenka
chybí hrana	mozkovka
chybí hrana	mravouka
chybí hrana	mrazovka
chybí hrana	mrkvovka
chybí hrana	mrštilka
chybí hrana	muchožravka
chybí hrana	multilinka
chybí hrana	mumijka
chybí hrana	muškatelka
chybí hrana	mušlovka
chybí hrana	mykofloristika
chybí hrana	myrovka
chybí hrana	myrtovka
chybí hrana	mákovka
chybí hrana	mánička
chybí hrana	márovka
chybí hrana	máčanka
chybí hrana	míčovka
chybí hrana	měchýřnatka
chybí hrana	mňamka
chybí hrana	nadjížďka
chybí hrana	nadlinka
chybí hrana	nadstavbička
chybí hrana	nagajka
chybí hrana	nahajka
chybí hrana	nanobuňka
chybí hrana	nanotrubka
chybí hrana	nautika
chybí hrana	naštovka
chybí hrana	nebavka
chybí hrana	nejka
chybí hrana	nemocnička
chybí hrana	nenechavka
chybí hrana	neotektonika
chybí hrana	nerka
chybí hrana	nesmrtelka
chybí hrana	neurodynamika
chybí hrana	neurokybernetika
chybí hrana	nezabudka
chybí hrana	nocovka
chybí hrana	noematika
chybí hrana	nordistika
chybí hrana	normostránka
chybí hrana	notorička
chybí hrana	nožulenka
chybí hrana	numerika
chybí hrana	numizmatika
chybí hrana	nučka
chybí hrana	nymfomanka
chybí hrana	náložička
chybí hrana	náruživka
chybí hrana	násavka
chybí hrana	nátlačka
chybí hrana	návlačka
chybí hrana	návrhopojistka
chybí hrana	obezlička
chybí hrana	objížďka
chybí hrana	obláčka
chybí hrana	oblíbávačka
chybí hrana	obočenka
chybí hrana	obrazovečka
chybí hrana	obstarávka
chybí hrana	obtáčka
chybí hrana	obřezávačka
chybí hrana	octomilka
chybí hrana	octovka
chybí hrana	octávka
chybí hrana	odbírka
chybí hrana	odchovnička
chybí hrana	odměnička
chybí hrana	odpichovka
chybí hrana	odpovědka
chybí hrana	odrhovačka
chybí hrana	odsuvka
chybí hrana	odvárka
chybí hrana	odéeska
chybí hrana	oklika
chybí hrana	okroška
chybí hrana	okrožka
chybí hrana	okulistika
chybí hrana	okurka
chybí hrana	okurkovka
chybí hrana	olfaktronika
chybí hrana	olovnička
chybí hrana	omáčička
chybí hrana	ontogenetika
chybí hrana	onučka
chybí hrana	oorávka
chybí hrana	oothéka
chybí hrana	opalinka
chybí hrana	opeňka
chybí hrana	oplatka
chybí hrana	oplzlinka
chybí hrana	optoelektronika
chybí hrana	opěnka
chybí hrana	ordredoložka
chybí hrana	organička
chybí hrana	ornamentalika
chybí hrana	ornamentalistika
chybí hrana	ornamentovka
chybí hrana	oronomastika
chybí hrana	ortoptika
chybí hrana	osmadvacetibytovka
chybí hrana	osmadvacítka
chybí hrana	osmatřicítka
chybí hrana	osmačka
chybí hrana	osmačtyřicítka
chybí hrana	osmikráska
chybí hrana	osmiliberka
chybí hrana	osmiproudovka
chybí hrana	osmisedačka
chybí hrana	osmitažka
chybí hrana	osmsetpatnáctka
chybí hrana	osmsetpětka
chybí hrana	ostnohřbetka
chybí hrana	ostpolitika
chybí hrana	ostralka
chybí hrana	ostranka
chybí hrana	ostroretka
chybí hrana	ostředivka
chybí hrana	ostřívka
chybí hrana	otcomatka
chybí hrana	otorinolaryngoložka
chybí hrana	outkovka
chybí hrana	ovčička
chybí hrana	oťukávačka
chybí hrana	pachovka
chybí hrana	padanka
chybí hrana	padavka
chybí hrana	padenka
chybí hrana	padesátimiliónletka
chybí hrana	paknička
chybí hrana	palcatka
chybí hrana	paleobotanika
chybí hrana	palečka
chybí hrana	paluška
chybí hrana	památečka
chybí hrana	panelovka
chybí hrana	pantomimika
chybí hrana	panímaminka
chybí hrana	pančelka
chybí hrana	papežovka
chybí hrana	paprutka
chybí hrana	parazitoložka
chybí hrana	parnička
chybí hrana	parníkovka
chybí hrana	parožka
chybí hrana	parádivka
chybí hrana	pastrouška
chybí hrana	pasírka
chybí hrana	patafyzika
chybí hrana	patnáctistovka
chybí hrana	patovka
chybí hrana	paňmaminka
chybí hrana	pedoložka
chybí hrana	pelargónka
chybí hrana	pelatka
chybí hrana	peluňka
chybí hrana	pemska
chybí hrana	penaltička
chybí hrana	pendlovka
chybí hrana	pentatonika
chybí hrana	penízkovka
chybí hrana	peprmintka
chybí hrana	pepřovka
chybí hrana	peristaltika
chybí hrana	perloočka
chybí hrana	perlorodka
chybí hrana	perlotvorka
chybí hrana	petersonka
chybí hrana	petka
chybí hrana	petunka
chybí hrana	picérka
chybí hrana	pidilyžička
chybí hrana	pidipohádka
chybí hrana	pidirolička
chybí hrana	piezokeramika
chybí hrana	pijavička
chybí hrana	pikotka
chybí hrana	pilírka
chybí hrana	pinakotéka
chybí hrana	pinkalinka
chybí hrana	pipka
chybí hrana	piňolka
chybí hrana	piškorka
chybí hrana	plachetnička
chybí hrana	plachtička
chybí hrana	platonička
chybí hrana	plavbička
chybí hrana	plavenka
chybí hrana	plavka
chybí hrana	plašmuška
chybí hrana	pleoptika
chybí hrana	plesnivka
chybí hrana	plešivka
chybí hrana	plodomorka
chybí hrana	plombička
chybí hrana	ploskohřbetka
chybí hrana	plovoučka
chybí hrana	plynárnička
chybí hrana	plzeňačka
chybí hrana	pneumatika
chybí hrana	pochmurnatka
chybí hrana	poddodávka
chybí hrana	podeňka
chybí hrana	podlinka
chybí hrana	podmrvka
chybí hrana	podpisovka
chybí hrana	podpoložka
chybí hrana	podpouštka
chybí hrana	podpovídka
chybí hrana	podprsenčička
chybí hrana	podpultovka
chybí hrana	podpáskovka
chybí hrana	podpřevorka
chybí hrana	podrubrika
chybí hrana	podsbírka
chybí hrana	poduštička
chybí hrana	poděnka
chybí hrana	podřezávka
chybí hrana	pohlednička
chybí hrana	pohárovka
chybí hrana	poietika
chybí hrana	pojišťovka
chybí hrana	pokroutka
chybí hrana	poliklinika
chybí hrana	politika
chybí hrana	polopříčka
chybí hrana	polňačka
chybí hrana	pomněnka
chybí hrana	pompadůrka
chybí hrana	pompónka
chybí hrana	pomstička
chybí hrana	ponička
chybí hrana	ponáška
chybí hrana	popcornovka
chybí hrana	popelnička
chybí hrana	popovka
chybí hrana	pornofotka
chybí hrana	pornopovídka
chybí hrana	pornostránka
chybí hrana	porodnička
chybí hrana	portulaka
chybí hrana	posejpka
chybí hrana	poskakovka
chybí hrana	poslámka
chybí hrana	postnička
chybí hrana	postávka
chybí hrana	postřehovka
chybí hrana	potkávačka
chybí hrana	potočnivka
chybí hrana	potterovka
chybí hrana	povrchovka
chybí hrana	pověřenka
chybí hrana	poštička
chybí hrana	prachačka
chybí hrana	pracnička
chybí hrana	praktička
chybí hrana	prasenčinka
chybí hrana	pravdoláska
chybí hrana	praženka
chybí hrana	prekérka
chybí hrana	procesualistika
chybí hrana	prodlužovatelka
chybí hrana	proforistika
chybí hrana	prognostička
chybí hrana	promohlídka
chybí hrana	proměstovka
chybí hrana	propagačka
chybí hrana	propírka
chybí hrana	prosťačka
chybí hrana	protetička
chybí hrana	protidodávka
chybí hrana	protinámitka
chybí hrana	protiotázka
chybí hrana	protipacička
chybí hrana	protipohledávka
chybí hrana	protipoložka
chybí hrana	protistávka
chybí hrana	protitrojka
chybí hrana	protizáruka
chybí hrana	proudnička
chybí hrana	prořízka
chybí hrana	prupovídka
chybí hrana	prutovka
chybí hrana	prvorodička
chybí hrana	prvosenka
chybí hrana	prvotelka
chybí hrana	pryška
chybí hrana	prďavka
chybí hrana	průpalka
chybí hrana	psychiatrička
chybí hrana	psychika
chybí hrana	psychodetektivka
chybí hrana	psychodiagnostika
chybí hrana	psychognostika
chybí hrana	psychogymnastika
chybí hrana	psychokybernetika
chybí hrana	psycholingvistika
chybí hrana	psychominutka
chybí hrana	psychomotorika
chybí hrana	psychopoetika
chybí hrana	psychosomatika
chybí hrana	psychotika
chybí hrana	psychotronika
chybí hrana	psychotronička
chybí hrana	ptačka
chybí hrana	puchratka
chybí hrana	pukléřka
chybí hrana	pultovka
chybí hrana	punkovka
chybí hrana	pusinečka
chybí hrana	pustovka
chybí hrana	putička
chybí hrana	putnička
chybí hrana	pučovka
chybí hrana	puťovka
chybí hrana	pyroklastika
chybí hrana	pyrotechnika
chybí hrana	pádlovka
chybí hrana	páka
chybí hrana	pálenička
chybí hrana	párnička
chybí hrana	páťačka
chybí hrana	péenka
chybí hrana	pévéeska
chybí hrana	pézetka
chybí hrana	pískovnička
chybí hrana	píďalička
chybí hrana	pódiovka
chybí hrana	pórnatka
chybí hrana	pěnodějka
chybí hrana	pěrcovka
chybí hrana	pětadvacetirublovka
chybí hrana	pětatřicítka
chybí hrana	pětačtvrtka
chybí hrana	pětačtyřiceminutovka
chybí hrana	pětačtyřicítka
chybí hrana	pětidávka
chybí hrana	pětilitrovka
chybí hrana	pětimarka
chybí hrana	pětimarkovka
chybí hrana	pětinožka
chybí hrana	pětirublovka
chybí hrana	pětisedačka
chybí hrana	pětisetwatovka
chybí hrana	pětiskládačka
chybí hrana	pětistovka
chybí hrana	pětizlatka
chybí hrana	pětizlotka
chybí hrana	pětizásuvka
chybí hrana	pětička
chybí hrana	pětiřadovka
chybí hrana	pětosmšestka
chybí hrana	pětsetjednička
chybí hrana	pětísicovka
chybí hrana	pěvuška
chybí hrana	pňovka
chybí hrana	pňůvka
chybí hrana	přaska
chybí hrana	předhláška
chybí hrana	přednožka
chybí hrana	předovka
chybí hrana	předrážka
chybí hrana	předsuvka
chybí hrana	předzkouška
chybí hrana	přelízka
chybí hrana	přepojka
chybí hrana	přepravenka
chybí hrana	přespávačka
chybí hrana	přesytka
chybí hrana	přetahovka
chybí hrana	převážka
chybí hrana	přibírka
chybí hrana	přivážka
chybí hrana	příchovka
chybí hrana	příduska
chybí hrana	příhodička
chybí hrana	půlhodinovka
chybí hrana	půlminutovka
chybí hrana	půlrublovka
chybí hrana	půlčička
chybí hrana	půlřádka
chybí hrana	rabicka
chybí hrana	radioelektronika
chybí hrana	radiosoučástka
chybí hrana	radioterapeutička
chybí hrana	radnička
chybí hrana	radýrka
chybí hrana	raketodynamika
chybí hrana	ramfotéka
chybí hrana	rantoška
chybí hrana	reaganomika
chybí hrana	rebusovka
chybí hrana	rekrutýrka
chybí hrana	rektadoložka
chybí hrana	rektasměnka
chybí hrana	religionostika
chybí hrana	rentenmarka
chybí hrana	repetýrka
chybí hrana	replika
chybí hrana	reprosvorka
chybí hrana	republika
chybí hrana	retribučka
chybí hrana	retrodetektivka
chybí hrana	revivalovka
chybí hrana	reálpolitika
chybí hrana	rheologika
chybí hrana	riedlovka
chybí hrana	robototechnika
chybí hrana	rockotéka
chybí hrana	rockůvka
chybí hrana	romovka
chybí hrana	rotika
chybí hrana	rovnička
chybí hrana	rozbruska
chybí hrana	rozběžka
chybí hrana	rozdávka
chybí hrana	rozhlasačka
chybí hrana	rozkladovka
chybí hrana	rozpínka
chybí hrana	rudolfka
chybí hrana	rudočechratka
chybí hrana	rumělka
chybí hrana	rutyka
chybí hrana	rychlocigaretka
chybí hrana	rychloobčanka
chybí hrana	rychlopůjčka
chybí hrana	rychloseznamka
chybí hrana	rychloucpávka
chybí hrana	rychlovýuka
chybí hrana	rychlozavinovačka
chybí hrana	rytečka
chybí hrana	ryška
chybí hrana	rádobygroteska
chybí hrana	rádobykritika
chybí hrana	rádobymodelka
chybí hrana	rážovka
chybí hrana	různobrvka
chybí hrana	růžicovka
chybí hrana	sajdka
chybí hrana	sajka
chybí hrana	sajtka
chybí hrana	samohonka
chybí hrana	samotička
chybí hrana	sankcička
chybí hrana	satirička
chybí hrana	sauvastika
chybí hrana	savenka
chybí hrana	savojanka
chybí hrana	sběrnička
chybí hrana	schrothovka
chybí hrana	schylka
chybí hrana	schématika
chybí hrana	sebeetika
chybí hrana	sebeláska
chybí hrana	sebeobřízka
chybí hrana	sebevýčitka
chybí hrana	sedačkovka
chybí hrana	sedinka
chybí hrana	sedmadvacítka
chybí hrana	sedmapůlka
chybí hrana	sedmatřicítka
chybí hrana	sedmačtyřicítka
chybí hrana	sedmihláska
chybí hrana	sedmisetnožka
chybí hrana	sedmistovka
chybí hrana	sedmitažka
chybí hrana	sedmnáctistovka
chybí hrana	sedínka
chybí hrana	semenačka
chybí hrana	semigrafika
chybí hrana	semiklasika
chybí hrana	serbistika
chybí hrana	serbokroatistika
chybí hrana	seslička
chybí hrana	sestavička
chybí hrana	sexkoučka
chybí hrana	seznamovačka
chybí hrana	shapinka
chybí hrana	sichrhajcka
chybí hrana	sichrovka
chybí hrana	sidovka
chybí hrana	sinatrovka
chybí hrana	sivěnka
chybí hrana	skalačka
chybí hrana	skandinavistika
chybí hrana	skipovka
chybí hrana	sklerotička
chybí hrana	skoroblondýnka
chybí hrana	skorodetektivka
chybí hrana	skoroklasika
chybí hrana	skoromaminka
chybí hrana	skoromanekýnka
chybí hrana	skoropohádka
chybí hrana	skovka
chybí hrana	skočka
chybí hrana	skrytěnka
chybí hrana	skunkovka
chybí hrana	skříněčka
chybí hrana	slavistika
chybí hrana	slavonistika
chybí hrana	slepavka
chybí hrana	slepoočka
chybí hrana	slepuška
chybí hrana	slonička
chybí hrana	slovakistika
chybí hrana	slovenistika
chybí hrana	slámička
chybí hrana	smatovka
chybí hrana	smradlavka
chybí hrana	smska
chybí hrana	směnárnička
chybí hrana	snídanička
chybí hrana	snídaňka
chybí hrana	snědívka
chybí hrana	sociolingvistika
chybí hrana	sofistika
chybí hrana	solenka
chybí hrana	somatopsychika
chybí hrana	sondička
chybí hrana	sorabistika
chybí hrana	souběžka
chybí hrana	spavka
chybí hrana	spermabanka
chybí hrana	spisovka
chybí hrana	splítka
chybí hrana	spolurodička
chybí hrana	sponkovačka
chybí hrana	spížička
chybí hrana	srnečka
chybí hrana	srpovnička
chybí hrana	stavebnička
chybí hrana	stehnatka
chybí hrana	stehovka
chybí hrana	stereodeska
chybí hrana	stereopředsádka
chybí hrana	stodevatenáctka
chybí hrana	stodevítka
chybí hrana	stodolička
chybí hrana	stodvaadvacítka
chybí hrana	stodvaačtyřicítka
chybí hrana	stodvacetjednička
chybí hrana	stodvacetosmička
chybí hrana	stodvacka
chybí hrana	stodvacítka
chybí hrana	stodvanáctka
chybí hrana	stodvojka
chybí hrana	stofrankovka
chybí hrana	stojedenáctka
chybí hrana	stojednička
chybí hrana	stolistka
chybí hrana	stolovka
chybí hrana	stolístka
chybí hrana	stomiliardovka
chybí hrana	stoosmadvacítka
chybí hrana	stoosmapadesátka
chybí hrana	stoosmasedmdesátka
chybí hrana	stoosmatřicítka
chybí hrana	stoosmačtyřicítka
chybí hrana	stoosmdesátjednička
chybí hrana	stoosmička
chybí hrana	stopadesátdevítka
chybí hrana	stopadesátdvojka
chybí hrana	stopadesátosmička
chybí hrana	stopadesátpětka
chybí hrana	stopadesátšestka
chybí hrana	stopatnáctka
chybí hrana	stopědvacítka
chybí hrana	stopětadevadesátka
chybí hrana	stopětadvacítka
chybí hrana	stopětatřicítka
chybí hrana	storočenka
chybí hrana	stosedmdesátka
chybí hrana	stosedmdesátsedmička
chybí hrana	stosedmička
chybí hrana	stosedmnáctka
chybí hrana	stostopětadvacítka
chybí hrana	stotisícovka
chybí hrana	stotřiadvacítka
chybí hrana	stotřicetdvojka
chybí hrana	stotřicetsedmička
chybí hrana	stotřicetčtyřka
chybí hrana	stotřicetšestka
chybí hrana	stotřicítka
chybí hrana	stowatovka
chybí hrana	stočtrnáctka
chybí hrana	stočtyřiadvacítka
chybí hrana	stočtyřicetsedmička
chybí hrana	stočtyřicetšestka
chybí hrana	stočtyřicítka
chybí hrana	stočtyřka
chybí hrana	stošedesátka
chybí hrana	stošedesátosmička
chybí hrana	stošedesátšestka
chybí hrana	stošestapadesátka
chybí hrana	stošestatřicítka
chybí hrana	stošestka
chybí hrana	straka
chybí hrana	stratéžka
chybí hrana	strkačka
chybí hrana	strofika
chybí hrana	strunečka
chybí hrana	strďovka
chybí hrana	stužkonoska
chybí hrana	stydlivka
chybí hrana	stykovka
chybí hrana	stánka
chybí hrana	stárečka
chybí hrana	stínovka
chybí hrana	stíněnka
chybí hrana	stěhovka
chybí hrana	střelnička
chybí hrana	stříbrnovláska
chybí hrana	stříbrozobka
chybí hrana	subtabulka
chybí hrana	sudovka
chybí hrana	sukovka
chybí hrana	svazkovka
chybí hrana	sventonovka
chybí hrana	svimboška
chybí hrana	sviňůrka
chybí hrana	svlakovka
chybí hrana	svobodovka
chybí hrana	svářka
chybí hrana	svážka
chybí hrana	svírka
chybí hrana	svěženka
chybí hrana	swingovka
chybí hrana	sylogistika
chybí hrana	synekůrka
chybí hrana	synergetika
chybí hrana	syngenetika
chybí hrana	synsystematika
chybí hrana	sádrovka
chybí hrana	sáhovka
chybí hrana	sérodiagnostika
chybí hrana	tabačka
chybí hrana	tajemnůstka
chybí hrana	tankovka
chybí hrana	tantrika
chybí hrana	taraňka
chybí hrana	taríka
chybí hrana	tatrovačka
chybí hrana	tačanka
chybí hrana	tchýňka
chybí hrana	teamovka
chybí hrana	teatroložka
chybí hrana	technika
chybí hrana	tektonika
chybí hrana	tektonofyzika
chybí hrana	telematika
chybí hrana	teleomatika
chybí hrana	telerobotika
chybí hrana	tepluška
chybí hrana	tepnička
chybí hrana	teraristika
chybí hrana	termodeka
chybí hrana	termodynamika
chybí hrana	termokřivka
chybí hrana	termomechanika
chybí hrana	termoobrazovka
chybí hrana	termopojistka
chybí hrana	termoponožka
chybí hrana	termoska
chybí hrana	terzeronka
chybí hrana	terčenka
chybí hrana	textilačka
chybí hrana	tečinínečka
chybí hrana	thonetka
chybí hrana	tiskomluvka
chybí hrana	tisícirublovka
chybí hrana	tlakovka
chybí hrana	tloušťovačka
chybí hrana	tmavobělka
chybí hrana	tmavoretka
chybí hrana	tombraiderovka
chybí hrana	topinečka
chybí hrana	topmodelka
chybí hrana	torakoplastika
chybí hrana	toreutika
chybí hrana	toxikokinetika
chybí hrana	toxikózka
chybí hrana	tořivka
chybí hrana	tragifraška
chybí hrana	tragigroteska
chybí hrana	trampovka
chybí hrana	tribotechnika
chybí hrana	trojbudka
chybí hrana	trojdýka
chybí hrana	trojfotka
chybí hrana	trojhlavička
chybí hrana	trojhoupačka
chybí hrana	trojka
chybí hrana	trojkoloběžka
chybí hrana	trojlavička
chybí hrana	trojletka
chybí hrana	trojlátka
chybí hrana	trojotázka
chybí hrana	trojplacka
chybí hrana	trojplotýnka
chybí hrana	trojpohovka
chybí hrana	trojposádka
chybí hrana	trojpísnička
chybí hrana	trojpřekážka
chybí hrana	trojschůzka
chybí hrana	trojsedačka
chybí hrana	trojskluzavka
chybí hrana	trojskládačka
chybí hrana	trojskokokanka
chybí hrana	trojsrážka
chybí hrana	trojstužka
chybí hrana	trojstíhačka
chybí hrana	trojvárka
chybí hrana	trojvířivka
chybí hrana	trojzahrádka
chybí hrana	trojzásuvka
chybí hrana	turbonapáječka
chybí hrana	turboskluzavka
chybí hrana	tyflografika
chybí hrana	tygrobijka
chybí hrana	tykadlovka
chybí hrana	typografička
chybí hrana	tělocvičnička
chybí hrana	třiadvacítka
chybí hrana	třiapůlka
chybí hrana	třiatřicítka
chybí hrana	třicetijulínkovka
chybí hrana	třicetikačka
chybí hrana	třicítka
chybí hrana	třijednička
chybí hrana	třináctistovka
chybí hrana	třiosmšestka
chybí hrana	třistatřináctka
chybí hrana	tříbuřtovka
chybí hrana	tříkilometrovka
chybí hrana	třílitrovka
chybí hrana	třímetrovka
chybí hrana	tříproudovka
chybí hrana	třírožka
chybí hrana	třísedačka
chybí hrana	tříska
chybí hrana	třístovkařka
chybí hrana	uběhlička
chybí hrana	ulmačka
chybí hrana	ulmovka
chybí hrana	ultralevičačka
chybí hrana	umprumačka
chybí hrana	umučenka
chybí hrana	unibuňka
chybí hrana	unimobuňka
chybí hrana	upejpalka
chybí hrana	upejpavka
chybí hrana	urbanistika
chybí hrana	urozenka
chybí hrana	ustanovka
chybí hrana	utínka
chybí hrana	uzlovka
chybí hrana	uštipalka
chybí hrana	užanka
chybí hrana	vaibhášika
chybí hrana	vaišéšika
chybí hrana	vajcůvka
chybí hrana	vajkslovka
chybí hrana	vakoveverka
chybí hrana	vakovka
chybí hrana	valencienka
chybí hrana	valkýrečka
chybí hrana	varnička
chybí hrana	vatovka
chybí hrana	vatýrka
chybí hrana	vazomotorika
chybí hrana	vařejka
chybí hrana	vařeka
chybí hrana	vařonka
chybí hrana	vařunka
chybí hrana	vdávalka
chybí hrana	vegetárka
chybí hrana	vejtřaska
chybí hrana	velbloudička
chybí hrana	velebanka
chybí hrana	velehousenka
chybí hrana	veleobrazovka
chybí hrana	velkobanka
chybí hrana	velopneumatika
chybí hrana	velosoučástka
chybí hrana	venerovka
chybí hrana	verbinka
chybí hrana	verndlovka
chybí hrana	vertajmka
chybí hrana	veruka
chybí hrana	vesnovka
chybí hrana	večeřinka
chybí hrana	viandotka
chybí hrana	vicinálka
chybí hrana	videodeska
chybí hrana	videodiskotéka
chybí hrana	videoelektronika
chybí hrana	videojednotka
chybí hrana	videokostka
chybí hrana	videokronika
chybí hrana	videokuchařka
chybí hrana	videonabídka
chybí hrana	videonahrávka
chybí hrana	videoobrazovka
chybí hrana	videopohádka
chybí hrana	videopozvánka
chybí hrana	videopřehlídka
chybí hrana	videopřehrávka
chybí hrana	videopříručka
chybí hrana	videoseznamka
chybí hrana	videosmyčka
chybí hrana	videostránka
chybí hrana	videotéka
chybí hrana	videoukázka
chybí hrana	videoupoutávka
chybí hrana	videovizitka
chybí hrana	videoválka
chybí hrana	vilenka
chybí hrana	vincentinka
chybí hrana	vinobračka
chybí hrana	vinotéka
chybí hrana	vinčestrovka
chybí hrana	viržinečka
chybí hrana	visitantka
chybí hrana	viskovka
chybí hrana	vistasměnka
chybí hrana	vizitýrka
chybí hrana	viřtlička
chybí hrana	vlahovka
chybí hrana	vlasohlávka
chybí hrana	vlaštověnka
chybí hrana	vlepka
chybí hrana	vlezdoprdelka
chybí hrana	vlnečka
chybí hrana	vlněnka
chybí hrana	vlášinka
chybí hrana	vlňanka
chybí hrana	vlňačka
chybí hrana	vodilka
chybí hrana	vodinka
chybí hrana	vodnička
chybí hrana	vodovážka
chybí hrana	vodůvka
chybí hrana	vojnovka
chybí hrana	vomatlávka
chybí hrana	vonučka
chybí hrana	vopuňka
chybí hrana	vorbička
chybí hrana	voňavčička
chybí hrana	voňačka
chybí hrana	vošitka
chybí hrana	voška
chybí hrana	vrabčačka
chybí hrana	vracenka
chybí hrana	vranožka
chybí hrana	vrnilka
chybí hrana	vroubenka
chybí hrana	vránička
chybí hrana	vrásinka
chybí hrana	vršatka
chybí hrana	vsazka
chybí hrana	vstavka
chybí hrana	vychutnávka
chybí hrana	vyhostěnka
chybí hrana	vyháňka
chybí hrana	vykláněčka
chybí hrana	vylisovánka
chybí hrana	vypravovánka
chybí hrana	vyprávka
chybí hrana	vypářka
chybí hrana	vysokačka
chybí hrana	vysokohlávka
chybí hrana	vystírka
chybí hrana	vytírka
chybí hrana	vyvražďovačka
chybí hrana	vzbouřenka
chybí hrana	vzdychavka
chybí hrana	vzorňačka
chybí hrana	vzpřímenka
chybí hrana	vztahovka
chybí hrana	vápenička
chybí hrana	váženka
chybí hrana	vépéenka
chybí hrana	vétřieska
chybí hrana	vícerodička
chybí hrana	výhřivka
chybí hrana	výkolejka
chybí hrana	výlivka
chybí hrana	výměnička
chybí hrana	výplňovka
chybí hrana	výsledkovka
chybí hrana	výstrčka
chybí hrana	výtrusenka
chybí hrana	výtržka
chybí hrana	včelomorka
chybí hrana	věchýtka
chybí hrana	vějavka
chybí hrana	vějka
chybí hrana	věncovka
chybí hrana	věterka
chybí hrana	věžovka
chybí hrana	vřesovka
chybí hrana	všeláska
chybí hrana	všematka
chybí hrana	všetatka
chybí hrana	waltrovka
chybí hrana	webstránka
chybí hrana	ywka
chybí hrana	zabálka
chybí hrana	zabírka
chybí hrana	zadovka
chybí hrana	zadrobenka
chybí hrana	zaděnka
chybí hrana	zahradnička
chybí hrana	zahrádenka
chybí hrana	zajídka
chybí hrana	zakrouceninka
chybí hrana	zakážka
chybí hrana	zamezovka
chybí hrana	zanádražka
chybí hrana	zanášelka
chybí hrana	zapekalka
chybí hrana	zapekačka
chybí hrana	zapraženka
chybí hrana	zaslíbenka
chybí hrana	zasmaženka
chybí hrana	zastalka
chybí hrana	zastanka
chybí hrana	zavádka
chybí hrana	zaválka
chybí hrana	zavírka
chybí hrana	zaříkávanka
chybí hrana	zažehnávka
chybí hrana	zbranička
chybí hrana	zbrojovačka
chybí hrana	zdobička
chybí hrana	zdobnička
chybí hrana	zdrojovka
chybí hrana	zelenoočka
chybí hrana	zelenuška
chybí hrana	zelinečka
chybí hrana	zemlanka
chybí hrana	zezulenka
chybí hrana	zezulička
chybí hrana	zezulka
chybí hrana	zhlavnička
chybí hrana	zidanovka
chybí hrana	zimovka
chybí hrana	zkoušenka
chybí hrana	zkušebka
chybí hrana	zmilelička
chybí hrana	zmilitka
chybí hrana	zmrhalka
chybí hrana	znakoplavka
chybí hrana	značkovka
chybí hrana	zobcovka
chybí hrana	zootechnika
chybí hrana	zořovka
chybí hrana	zplozenka
chybí hrana	zpodobenka
chybí hrana	zpožděnka
chybí hrana	zrnovka
chybí hrana	zrněnka
chybí hrana	zrozenka
chybí hrana	zrzohlávka
chybí hrana	ztracinožka
chybí hrana	ztřeštěnka
chybí hrana	zubovačka
chybí hrana	zubrovka
chybí hrana	zuávka
chybí hrana	zuška
chybí hrana	zvodovka
chybí hrana	zvratička
chybí hrana	zábarka
chybí hrana	zábavovka
chybí hrana	zádrapka
chybí hrana	záhražka
chybí hrana	zájezdovka
chybí hrana	zájmenovka
chybí hrana	základnička
chybí hrana	zámkovka
chybí hrana	zámlčka
chybí hrana	zápečka
chybí hrana	zápinka
chybí hrana	záporňačka
chybí hrana	záprška
chybí hrana	zápujčka
chybí hrana	zápěnka
chybí hrana	zápěstka
chybí hrana	zápřezka
chybí hrana	záskočka
chybí hrana	zásněžka
chybí hrana	zásobečka
chybí hrana	zástřeška
chybí hrana	zátoka
chybí hrana	zátravka
chybí hrana	závodnička
chybí hrana	závornatka
chybí hrana	zónovka
chybí hrana	zťukavka
chybí hrana	Ósaka
chybí hrana	Úhlavanka
chybí hrana	Úhořilka
chybí hrana	íránistika
chybí hrana	ódéeska
chybí hrana	úchylačka
chybí hrana	úhlopříčka
chybí hrana	úlevačka
chybí hrana	úpravnička
chybí hrana	územářka
chybí hrana	úženka
chybí hrana	Čandrika
chybí hrana	Čechoslovačka
chybí hrana	Čechošvédka
chybí hrana	Čeka
chybí hrana	Čekobanka
chybí hrana	Čeladenka
chybí hrana	Černohorka
chybí hrana	Červenka
chybí hrana	Četka
chybí hrana	Čeřovka
chybí hrana	Čižovka
chybí hrana	Čuchonka
chybí hrana	Čuhačka
chybí hrana	Čukotka
chybí hrana	čakavka
chybí hrana	čalounářka
chybí hrana	čemerka
chybí hrana	čenichovka
chybí hrana	čepelatka
chybí hrana	černohubka
chybí hrana	černokněžka
chybí hrana	černoproužka
chybí hrana	česněkůvka
chybí hrana	čiplenka
chybí hrana	čovka
chybí hrana	čočinka
chybí hrana	čočkovka
chybí hrana	črezvyčajka
chybí hrana	črievka
chybí hrana	čtenka
chybí hrana	čtrnáctistovka
chybí hrana	čtvernožka
chybí hrana	čtvrtdecka
chybí hrana	čtvrthodinovka
chybí hrana	čtvrthoďka
chybí hrana	čtvrtstovka
chybí hrana	čtvrttisícovka
chybí hrana	čtyřadvacetihodinovka
chybí hrana	čtyřdecka
chybí hrana	čtyřhoupačka
chybí hrana	čtyřiadvacetijehlovka
chybí hrana	čtyřiadvacítka
chybí hrana	čtyřiačtyřicítka
chybí hrana	čtyřicetiletka
chybí hrana	čtyřicetosmička
chybí hrana	čtyřicetsedmička
chybí hrana	čtyřicítka
chybí hrana	čtyřiosmšestka
chybí hrana	čtyřistadesítka
chybí hrana	čtyřistaosmdesátšestka
chybí hrana	čtyřistapadesátka
chybí hrana	čtyřistapětka
chybí hrana	čtyřistasedmdesátka
chybí hrana	čtyřistasedmdesáttrojka
chybí hrana	čtyřistasedmička
chybí hrana	čtyřistatrojka
chybí hrana	čtyřistatřicítka
chybí hrana	čtyřistašestka
chybí hrana	čtyřlanovka
chybí hrana	čtyřplotýnka
chybí hrana	čtyřposádka
chybí hrana	čtyřpáska
chybí hrana	čtyřskluzavka
chybí hrana	čtyřstovka
chybí hrana	čtyřstránka
chybí hrana	čtyřtabulka
chybí hrana	čtyřzatáčka
chybí hrana	čtyřzásuvka
chybí hrana	čubinka
chybí hrana	čučorietka
chybí hrana	čáslavka
chybí hrana	čévéeska
chybí hrana	číslicovka
chybí hrana	ďouka
chybí hrana	ďourečka
chybí hrana	ňadrovka
chybí hrana	ňuchnička
chybí hrana	Ředička
chybí hrana	Řehačka
chybí hrana	Řeka
chybí hrana	Řetůvanka
chybí hrana	Řetůvka
chybí hrana	Řitka
chybí hrana	Řásnovka
chybí hrana	řeholnička
chybí hrana	řepinka
chybí hrana	řepička
chybí hrana	řitečka
chybí hrana	Šafářanka
chybí hrana	Šalgočka
chybí hrana	Šamotka
chybí hrana	Šantovka
chybí hrana	Šestidílka
chybí hrana	Šeříkovka
chybí hrana	Šišemka
chybí hrana	Škarmanka
chybí hrana	Škodovka
chybí hrana	Šlechtovka
chybí hrana	Šlonzačka
chybí hrana	Šmoulinka
chybí hrana	Špindlerovka
chybí hrana	Špitálka
chybí hrana	Špálovka
chybí hrana	Šternberanka
chybí hrana	Štiavnička
chybí hrana	Šťiavnička
chybí hrana	šachtovka
chybí hrana	šarapatka
chybí hrana	šartéka
chybí hrana	šedesátibytovka
chybí hrana	šedesátidevítka
chybí hrana	šedopórka
chybí hrana	šedosrstka
chybí hrana	šedovláska
chybí hrana	šedůvka
chybí hrana	šerpička
chybí hrana	šestadvacítka
chybí hrana	šestatřicítka
chybí hrana	šestikoloběžka
chybí hrana	šestikročka
chybí hrana	šestilanovka
chybí hrana	šestiliberka
chybí hrana	šestisedačka
chybí hrana	šestnáctistovka
chybí hrana	šestsedvojka
chybí hrana	šestsetdvojka
chybí hrana	šestsetosmdesátšestka
chybí hrana	šestsettrojka
chybí hrana	šestsettřicítka
chybí hrana	šestsettřináctka
chybí hrana	šesťačka
chybí hrana	ševcovka
chybí hrana	šeďulka
chybí hrana	šifrovka
chybí hrana	širotka
chybí hrana	škartka
chybí hrana	škodovačka
chybí hrana	škrkavka
chybí hrana	škytalka
chybí hrana	šlapička
chybí hrana	šlejfovačka
chybí hrana	šlejška
chybí hrana	šlitrovka
chybí hrana	šmirglovka
chybí hrana	šmurůvka
chybí hrana	šněrovačkářka
chybí hrana	šohaječka
chybí hrana	šosačka
chybí hrana	šoustalka
chybí hrana	šperklapka
chybí hrana	šperkovnička
chybí hrana	šprcka
chybí hrana	šprycdeka
chybí hrana	špulka
chybí hrana	šraňka
chybí hrana	šroubatka
chybí hrana	štučka
chybí hrana	šubačka
chybí hrana	šupačka
chybí hrana	švagřička
chybí hrana	šípinka
chybí hrana	šístka
chybí hrana	šňůrečka
chybí hrana	šťastlivka
chybí hrana	šťovka
chybí hrana	šťukavka
chybí hrana	ťapička
chybí hrana	ťubetějka
chybí hrana	Žampírka
chybí hrana	Žaninka
chybí hrana	Želka
chybí hrana	Žernůvka
chybí hrana	Židovka
chybí hrana	Živaňanka
chybí hrana	Živnobanka
chybí hrana	Žižkovačka
chybí hrana	Žoska
chybí hrana	žararaka
chybí hrana	žblabuňka
chybí hrana	žehravka
chybí hrana	železnička
chybí hrana	žemnička
chybí hrana	ženačka
chybí hrana	ženetka
chybí hrana	žežulenka
chybí hrana	žežulka
chybí hrana	žhounka
chybí hrana	židličkovka
chybí hrana	židověnka
chybí hrana	žihavka
chybí hrana	žilenka
chybí hrana	žilčička
chybí hrana	žinka
chybí hrana	žitnavka
chybí hrana	žižkovka
chybí hrana	žmolenka
chybí hrana	žokovka
chybí hrana	žravka
chybí hrana	žudrovka
chybí hrana	žíňovka
