*osamocené číslovky končící na 'ero', 'erý', 'krát', 'istý'
*nalezený předek
*chybí hrana	zkoumané slovo	nalezené slovo'
*
chybí hrana	bezpočetkrát	bezpočet
chybí hrana	bezpočetněkrát	bezpočetně
chybí hrana	bilionkrát	bilion
chybí hrana	biliónkrát	bilión
chybí hrana	bůhvíkolikrát	bůhvíkolik
chybí hrana	desatero	deset
chybí hrana	desaterý	deset
chybí hrana	desetimiliardkrát	deset
chybí hrana	desetimiliónkrát	desetimilión
chybí hrana	desetitisíckrát	desetitisíc
chybí hrana	desetkrát	deset
chybí hrana	desettisíckrát	desettisíc
chybí hrana	devadesatero	devadesát
chybí hrana	devadesaterý	devadesát
chybí hrana	devatero	devět
chybí hrana	devaterý	devět
chybí hrana	devítistý	sto
chybí hrana	devítitisíckrát	tisíc
chybí hrana	devětadvacetkrát	devětadvacet
chybí hrana	devětačtyřicetkrát	devětačtyřicet
chybí hrana	devětkrát	devět
chybí hrana	devětsetkrát	devětset
chybí hrana	dostkrát	dost
chybí hrana	dvaadvacetkrát	dvaadvacet
chybí hrana	dvaapůlkrát	dvaapůl
chybí hrana	dvaapůltisíckrát	dvaapůltisíc
chybí hrana	dvaatřicetkrát	dvaatřicet
chybí hrana	dvaačtyřicetkrát	dvaačtyřicet
chybí hrana	dvacatero	dva
chybí hrana	dvacaterý	dva
chybí hrana	dvacetdvakrát	dvacet
chybí hrana	dvacetkrát	dvacet
chybí hrana	dvakrát	dva
chybí hrana	dvanáctsetkrát	dvanáct
chybí hrana	dvoumiliónkrát	dvoumilión
chybí hrana	dvěstěkrát	dvěstě
chybí hrana	hodněkrát	hodně
chybí hrana	ikskrát	iks
chybí hrana	jedenapůlkrát	jedenapůl
chybí hrana	jedenatřicetkrát	jedenatřicet
chybí hrana	jedenačtyřicetkrát	jedenačtyřicet
chybí hrana	jedenkrát	jeden
chybí hrana	jedentisícdevětsetčtyřicetsedmkrát	jedentisícdevětsetčtyřicetsedm
chybí hrana	jedenáctsetkrát	jedenáct
chybí hrana	jednasedmdesátkrát	jednasedmdesát
chybí hrana	jednačtyřicetkrát	jednačtyřicet
chybí hrana	kolikero	kolik
chybí hrana	kolikerý	kolik
chybí hrana	kolikrát	kolik
chybí hrana	kvadrilionkrát	kvadrilion
chybí hrana	kvadriliónkrát	kvadrilión
chybí hrana	libovolněkrát	libovolně
chybí hrana	miliónkrát	milión
chybí hrana	mnohokrát	mnoho
chybí hrana	mnohosetkrát	mnoho
chybí hrana	mockrát	moc
chybí hrana	málokrát	málo
chybí hrana	méněkrát	méně
chybí hrana	nastokrát	sto
chybí hrana	natisíckrát	tisíc
chybí hrana	nejedenkrát	nejeden
chybí hrana	nespočetkrát	nespočet
chybí hrana	nesčetněkrát	nesčetně
chybí hrana	nesčíselněkrát	nesčíselně
chybí hrana	nesčíslněkrát	nesčíslně
chybí hrana	několikero	několik
chybí hrana	několikerý	několik
chybí hrana	několikrát	několik
chybí hrana	několiksetkrát	několik
chybí hrana	obakrát	oba
chybí hrana	osmadvacetkrát	osmadvacet
chybí hrana	osmatřicetkrát	osmatřicet
chybí hrana	osmačtyřicetkrát	osmačtyřicet
chybí hrana	osmdesátpětkrát	osmdesátpět
chybí hrana	osmsetkrát	osmset
chybí hrana	padesátpětkrát	padesátpět
chybí hrana	patero	pat
chybí hrana	paterý	pat
chybí hrana	podvakrát	dva
chybí hrana	potřikrát	tři
chybí hrana	párkrát	pár
chybí hrana	pětadvacetkrát	pětadvacet
chybí hrana	pětatřicetkrát	pětatřicet
chybí hrana	pětačtyřicetkrát	pětačtyřicet
chybí hrana	pětkrát	pět
chybí hrana	pětsetkrát	pětset
chybí hrana	půlkrát	půl
chybí hrana	sebevícekrát	sebevíce
chybí hrana	sedmadvacetkrát	sedmadvacet
chybí hrana	sedmadvacetmiliardkrát	sedmadvacet
chybí hrana	sedmatřicetkrát	sedmatřicet
chybí hrana	sedmačtyřicetkrát	sedmačtyřicet
chybí hrana	sedmisetkrát	sedm
chybí hrana	sedmsetkrát	sedmset
chybí hrana	stejněkrát	stejně
chybí hrana	stero	sto
chybí hrana	sterý	sto
chybí hrana	stokrát	sto
chybí hrana	stomiliardkrát	sto
chybí hrana	stopadesátmiliardkrát	stopadesát
chybí hrana	stopětadvacetkrát	stopětadvacet
chybí hrana	stopětapadesátkrát	stopětapadesát
chybí hrana	stopětasedmdesátkrát	stopětasedmdesát
chybí hrana	stotisíckrát	stotisíc
chybí hrana	stotřiadvacetkrát	stotřiadvacet
chybí hrana	stotřicetkrát	stotřicet
chybí hrana	tisícdevětsetkrát	tisícdevětset
chybí hrana	tisícekrát	tisíc
chybí hrana	tisícero	tisíc
chybí hrana	tisícerý	tisíc
chybí hrana	tisíckrát	tisíc
chybí hrana	tolikero	tolik
chybí hrana	tolikerý	tolik
chybí hrana	tolikrát	tolik
chybí hrana	trilionkrát	trilion
chybí hrana	triliónkrát	trilión
chybí hrana	tucetkrát	tucet
chybí hrana	třiadvacetkrát	třiadvacet
chybí hrana	třiatřicetkrát	třiatřicet
chybí hrana	třiačtyřicetkrát	třiačtyřicet
chybí hrana	třicatero	třicet
chybí hrana	třicaterý	třicet
chybí hrana	třicetkrát	třicet
chybí hrana	třicetpětkrát	třicetpět
chybí hrana	třicetšestkrát	třicetšest
chybí hrana	třikrát	tři
chybí hrana	třistakrát	třista
chybí hrana	třistaosmdesátšestkrát	třistaosmdesátšest
chybí hrana	vícekrát	více
chybí hrana	čtyřapůlkrát	půl
chybí hrana	čtyřiadvacetkrát	čtyřiadvacet
chybí hrana	čtyřiatřicetkrát	čtyřiatřicet
chybí hrana	čtyřiačtyřicetkrát	čtyřiačtyřicet
chybí hrana	čtyřicatero	čtyři
chybí hrana	čtyřicaterý	čtyři
chybí hrana	čtyřicetkrát	čtyřicet
chybí hrana	čtyřicetsedmkrát	čtyřicetsedm
chybí hrana	čtyřicetčtyřikrát	čtyřicet
chybí hrana	čtyřikrát	čtyři
chybí hrana	čtyřistakrát	čtyřista
chybí hrana	čtyřmiliónkrát	milión
chybí hrana	čtyřtisíckrát	tisíc
chybí hrana	šedesatero	šedesát
chybí hrana	šedesaterý	šedesát
chybí hrana	šestadvacetkrát	šestadvacet
chybí hrana	šestatřicetkrát	šestatřicet
chybí hrana	šestačtyřicetkrát	šestačtyřicet
chybí hrana	šestsetkrát	šestset
chybí hrana	devatenáctistý	sto
chybí hrana	devatenáctistý	devatenáct
chybí hrana	devětapůlkrát	půl
chybí hrana	devětapůlkrát	devět
chybí hrana	dvaapůlmiliónkrát	půlmilión
chybí hrana	dvaapůlmiliónkrát	dvaapůl
chybí hrana	dvaačtvrtkrát	čtvrt
chybí hrana	dvaačtvrtkrát	dva
chybí hrana	dvacetdevětkrát	dvacet
chybí hrana	dvacetdevětkrát	devět
chybí hrana	dvacetitisíckrát	tisíc
chybí hrana	dvacetitisíckrát	dvacet
chybí hrana	dvacetosmkrát	osm
chybí hrana	dvacetosmkrát	dvacet
chybí hrana	dvacetsedmkrát	dvacet
chybí hrana	dvacetsedmkrát	sedm
chybí hrana	dvacettisíckrát	tisíc
chybí hrana	dvacettisíckrát	dvacet
chybí hrana	dvacettřikrát	tři
chybí hrana	dvacettřikrát	dvacet
chybí hrana	dvacetšestkrát	dvacet
chybí hrana	dvacetšestkrát	šest
chybí hrana	dvanáctmiliónkrát	milión
chybí hrana	dvanáctmiliónkrát	dvanáct
chybí hrana	dvatisícekrát	tisíc
chybí hrana	dvatisícekrát	dva
chybí hrana	dvouapůlkrát	dva
chybí hrana	dvouapůlkrát	půl
chybí hrana	dvousetkrát	dva
chybí hrana	dvousetkrát	set
chybí hrana	dvousetmiliónkrát	dva
chybí hrana	dvousetmiliónkrát	milión
chybí hrana	dvousettisíckrát	dva
chybí hrana	dvousettisíckrát	tisíc
chybí hrana	dvoutisíckrát	dva
chybí hrana	dvoutisíckrát	tisíc
chybí hrana	jedenadvacettisíckrát	tisíc
chybí hrana	jedenadvacettisíckrát	jedenadvacet
chybí hrana	jedenapůlmiliónkrát	půlmilión
chybí hrana	jedenapůlmiliónkrát	jedenapůl
chybí hrana	jedenačtvrtkrát	čtvrt
chybí hrana	jedenačtvrtkrát	jeden
chybí hrana	jedenáctitisíckrát	jedenáct
chybí hrana	jedenáctitisíckrát	tisíc
chybí hrana	mnohotisíckrát	tisíc
chybí hrana	mnohotisíckrát	mnoho
chybí hrana	osmapůlkrát	osm
chybí hrana	osmapůlkrát	půl
chybí hrana	osmdesátitisíckrát	osmdesát
chybí hrana	osmdesátitisíckrát	tisíc
chybí hrana	osmistý	sto
chybí hrana	osmistý	osm
chybí hrana	osmitisíckrát	osm
chybí hrana	osmitisíckrát	tisíc
chybí hrana	pětadvacetitisíckrát	pětadvacet
chybí hrana	pětadvacetitisíckrát	tisíc
chybí hrana	pětadvacetmiliónkrát	milión
chybí hrana	pětadvacetmiliónkrát	pětadvacet
chybí hrana	pětapůlkrát	pět
chybí hrana	pětapůlkrát	půl
chybí hrana	pětistý	sto
chybí hrana	pětistý	pět
chybí hrana	pětmiliónkrát	milión
chybí hrana	pětmiliónkrát	pět
chybí hrana	pěttisíckrát	pět
chybí hrana	pěttisíckrát	tisíc
chybí hrana	sedmapůlkrát	půl
chybí hrana	sedmapůlkrát	sedm
chybí hrana	sedmistý	sto
chybí hrana	sedmistý	sedm
chybí hrana	sedmnáctitisíckrát	tisíc
chybí hrana	sedmnáctitisíckrát	sedmnáct
chybí hrana	stodesetkrát	deset
chybí hrana	stodesetkrát	sto
chybí hrana	stodevětatřicetkrát	sto
chybí hrana	stodevětatřicetkrát	devětatřicet
chybí hrana	stodvaatřicetkrát	dvaatřicet
chybí hrana	stodvaatřicetkrát	sto
chybí hrana	stodvaačtyřicetkrát	sto
chybí hrana	stodvaačtyřicetkrát	dvaačtyřicet
chybí hrana	stodvaašedesátkrát	dvaašedesát
chybí hrana	stodvaašedesátkrát	sto
chybí hrana	stodvacetkrát	sto
chybí hrana	stodvacetkrát	dvacet
chybí hrana	stodvacetpětkrát	dvacetpět
chybí hrana	stodvacetpětkrát	sto
chybí hrana	stodvakrát	dva
chybí hrana	stodvakrát	sto
chybí hrana	stojedenadvacetkrát	jedenadvacet
chybí hrana	stojedenadvacetkrát	sto
chybí hrana	stojedenkrát	sto
chybí hrana	stojedenkrát	jeden
chybí hrana	stojedenáctkrát	jedenáct
chybí hrana	stojedenáctkrát	sto
chybí hrana	stojednapadesátkrát	jednapadesát
chybí hrana	stojednapadesátkrát	sto
chybí hrana	stomiliónkrát	milión
chybí hrana	stomiliónkrát	sto
chybí hrana	stoosmadvacetkrát	sto
chybí hrana	stoosmadvacetkrát	osmadvacet
chybí hrana	stoosmkrát	osm
chybí hrana	stoosmkrát	sto
chybí hrana	stoosmnáctkrát	osmnáct
chybí hrana	stoosmnáctkrát	sto
chybí hrana	stopadesátšestkrát	stopadesát
chybí hrana	stopadesátšestkrát	šest
chybí hrana	stopatnáctkrát	patnáct
chybí hrana	stopatnáctkrát	sto
chybí hrana	stopětkrát	pět
chybí hrana	stopětkrát	sto
chybí hrana	stosedmadvacetkrát	sedmadvacet
chybí hrana	stosedmadvacetkrát	sto
chybí hrana	stosedmdesátkrát	sedmdesát
chybí hrana	stosedmdesátkrát	sto
chybí hrana	stotřicetsedmkrát	stotřicet
chybí hrana	stotřicetsedmkrát	sedm
chybí hrana	stotřicettisíckrát	tisíc
chybí hrana	stotřicettisíckrát	stotřicet
chybí hrana	stotřináctkrát	třináct
chybí hrana	stotřináctkrát	sto
chybí hrana	stočtrnáctkrát	čtrnáct
chybí hrana	stočtrnáctkrát	sto
chybí hrana	stočtyřiačtyřicetkrát	čtyřiačtyřicet
chybí hrana	stočtyřiačtyřicetkrát	sto
chybí hrana	stočtyřiašedesátkrát	sto
chybí hrana	stočtyřiašedesátkrát	čtyřiašedesát
chybí hrana	stočtyřicetkrát	sto
chybí hrana	stočtyřicetkrát	čtyřicet
chybí hrana	stošedesátkrát	šedesát
chybí hrana	stošedesátkrát	sto
chybí hrana	stošestadvacetkrát	sto
chybí hrana	stošestadvacetkrát	šestadvacet
chybí hrana	stošestkrát	sto
chybí hrana	stošestkrát	šest
chybí hrana	stošestnáctkrát	šestnáct
chybí hrana	stošestnáctkrát	sto
chybí hrana	třiapůlkrát	tři
chybí hrana	třiapůlkrát	půl
chybí hrana	třímiliónkrát	tři
chybí hrana	třímiliónkrát	milión
chybí hrana	třísetkrát	tři
chybí hrana	třísetkrát	set
chybí hrana	třísettřicetkrát	tři
chybí hrana	třísettřicetkrát	třicet
chybí hrana	třítisíckrát	tři
chybí hrana	třítisíckrát	tisíc
chybí hrana	čtyřiapůlkrát	půl
chybí hrana	čtyřiapůlkrát	čtyři
chybí hrana	čtyřiatřicekrát	tři
chybí hrana	čtyřiatřicekrát	čtyři
chybí hrana	čtyřiačtyřicettisíckrát	tisíc
chybí hrana	čtyřiačtyřicettisíckrát	čtyřiačtyřicet
chybí hrana	čtyřicettisíckrát	tisíc
chybí hrana	čtyřicettisíckrát	čtyřicet
chybí hrana	čtyřicettřikrát	tři
chybí hrana	čtyřicettřikrát	čtyřicet
chybí hrana	čtyřicetšestkrát	čtyřicet
chybí hrana	čtyřicetšestkrát	šest
chybí hrana	čtyřistadesetkrát	deset
chybí hrana	čtyřistadesetkrát	čtyřista
chybí hrana	čtyřistadvacetkrát	dvacet
chybí hrana	čtyřistadvacetkrát	čtyřista
chybí hrana	čtyřistadvakrát	dva
chybí hrana	čtyřistadvakrát	čtyřista
chybí hrana	čtyřistapadesátkrát	padesát
chybí hrana	čtyřistapadesátkrát	čtyřista
chybí hrana	čtyřistatisíckrát	statisíc
chybí hrana	čtyřistatisíckrát	čtyřista
chybí hrana	čtyřistatřikrát	tři
chybí hrana	čtyřistatřikrát	čtyřista
chybí hrana	čtyřitisícekrát	tisíc
chybí hrana	čtyřitisícekrát	čtyři
chybí hrana	šestapůlkrát	půl
chybí hrana	šestapůlkrát	šest
chybí hrana	šestistý	sto
chybí hrana	šestistý	šest
chybí hrana	šestsettřicetpětkrát	třicetpět
chybí hrana	šestsettřicetpětkrát	šestset
chybí hrana	devětapůltisíckrát	tisíc
chybí hrana	devětapůltisíckrát	půl
chybí hrana	devětapůltisíckrát	devět
chybí hrana	dvouapůltisíckrát	dva
chybí hrana	dvouapůltisíckrát	tisíc
chybí hrana	dvouapůltisíckrát	půl
chybí hrana	stodvacetsedmkrát	dvacet
chybí hrana	stodvacetsedmkrát	sto
chybí hrana	stodvacetsedmkrát	sedm
chybí hrana	stodvacetšestkrát	sto
chybí hrana	stodvacetšestkrát	dvacet
chybí hrana	stodvacetšestkrát	šest
chybí hrana	stopětadvacekrát	pět
chybí hrana	stopětadvacekrát	dva
chybí hrana	stopětadvacekrát	sto
chybí hrana	stočtyřicetdvakrát	sto
chybí hrana	stočtyřicetdvakrát	dva
chybí hrana	stočtyřicetdvakrát	čtyřicet
chybí hrana	stočtyřicettřikrát	tři
chybí hrana	stočtyřicettřikrát	sto
chybí hrana	stočtyřicettřikrát	čtyřicet
chybí hrana	stočtyřicetšestkrát	sto
chybí hrana	stočtyřicetšestkrát	čtyřicet
chybí hrana	stočtyřicetšestkrát	šest
*
*nenalezen předek
*
chybí hrana	bezpočtukrát
chybí hrana	devítistý
chybí hrana	jedinkrát
chybí hrana	miliardkrát
chybí hrana	nejvíckrát
chybí hrana	nekonečněkrát
chybí hrana	neomezeněkrát
chybí hrana	nespočetněkrát
chybí hrana	nespočtukrát
chybí hrana	víckrát
chybí hrana	xkrát
chybí hrana	čtvero
chybí hrana	čtverý
chybí hrana	čtyřsetkrát
