*slova začínající na 'Mc, která by mohla mít v derinetu rodiče
*chybí hrana	zkoumané slovo	nalezené slovo
chybí hrana	McAlister	Alister
chybí hrana	McAndrew	Andrew
chybí hrana	McAngus	Angus
chybí hrana	McArthur	Arthur
chybí hrana	McArthur	Arthur
chybí hrana	McBain	Bain
chybí hrana	McBaneová	Bane
chybí hrana	McBealová	Bealová
chybí hrana	McBeanová	Beanová
chybí hrana	McBrain	Brain
chybí hrana	McBryan	Bryan
chybí hrana	McBurney	Burney
chybí hrana	McBurryová	Burry
chybí hrana	McCain	Cain
chybí hrana	McCallum	Callum
chybí hrana	McCarney	Carney
chybí hrana	McCarrick	Carrick
chybí hrana	McCartney	Cartney
chybí hrana	McClair	Clair
chybí hrana	McCleary	Cleary
chybí hrana	McClinton	Clinton
chybí hrana	McCloud	Cloud
chybí hrana	McClure	Clure
chybí hrana	McConnel	Connel
chybí hrana	McConnell	Connell
chybí hrana	McCormack	Cormack
chybí hrana	McCorvey	Corvey
chybí hrana	McCourt	Court
chybí hrana	McCurry	Curry
chybí hrana	McDanielová	Danielová
chybí hrana	McDermott	Dermott
chybí hrana	McDill	Dill
chybí hrana	McDonald	Donald
chybí hrana	McDonell	Donell
chybí hrana	McDonnell	Donnell
chybí hrana	McDougal	Dougal
chybí hrana	McDowell	Dowell
chybí hrana	McEwan	Ewan
chybí hrana	McEwen	Ewen
chybí hrana	McGibbonová	Gibbon
chybí hrana	McGill	Gill
chybí hrana	McGlynn	Glynn
chybí hrana	McGrady	Grady
chybí hrana	McGregor	Gregor
chybí hrana	McGregor	Gregor
chybí hrana	McGuinessová	Guiness
chybí hrana	McInnis	Innis
chybí hrana	McKay	Kay
chybí hrana	McKean	Kean
chybí hrana	McKeegan	Keegan
chybí hrana	McKellar	Kellar
chybí hrana	McKenzie	Kenzie
chybí hrana	McKenzie	Kenzie
chybí hrana	McKinsey	Kinsey
chybí hrana	McKinseyová	Kinsey
chybí hrana	McLachlanová	Lachlanová
chybí hrana	McLain	Lain
chybí hrana	McLaren	Laren
chybí hrana	McLaren	Laren
chybí hrana	McLaughlin	Laughlin
chybí hrana	McLaughlin	Laughlin
chybí hrana	McLean	Lean
chybí hrana	McLean	Lean
chybí hrana	McLuhan	Luhan
chybí hrana	McMahan	Mahan
chybí hrana	McMahon	Mahon
chybí hrana	McManus	Manus
chybí hrana	McMartin	Martin
chybí hrana	McMillen	Millen
chybí hrana	McMullan	Mullan
chybí hrana	McMullen	Mullen
chybí hrana	McMurphy	Murphy
chybí hrana	McNair	Nair
chybí hrana	McNeil	Neil
chybí hrana	McNeill	Neill
chybí hrana	McNichols	Nichols
chybí hrana	McNicollová	Nicoll
chybí hrana	McPaulová	Paulová
chybí hrana	McQuaid	Quaid
chybí hrana	McQueen	Queen
chybí hrana	McRaeová	Raeová
chybí hrana	McRay	Ray
chybí hrana	McReynolds	Reynolds
chybí hrana	McRory	Rory
chybí hrana	McTaggart	Taggart
chybí hrana	McTiernan	Tiernan
chybí hrana	McWilliamsová	Williamsová
