*slova podobně krátká jako rodič, ale začínají na jiné písmeno
*jedna skupina: seznam hran, které vypadají vachrlatě
*přebývá hrana	zkoumané slovo	roidč
přebývá hrana	socdemák	demokrat
přebývá hrana	Ábelův	Abelesův
přebývá hrana	érovka	aerovka
přebývá hrana	Leksa	Aleksandr
přebývá hrana	Saša	Aleksandr
přebývá hrana	Běta	Alžběta
přebývá hrana	Ondřej	Andrej
přebývá hrana	Tonka	Antonie
přebývá hrana	Tonda	Antonín
přebývá hrana	Ázie	Asie
přebývá hrana	Ázerbájdžán	Azerbajdžan
přebývá hrana	Mumbaí	Bombaj
přebývá hrana	čabajský	Békéscaba
přebývá hrana	Kamerunec	Cameroun
přebývá hrana	Kamerunka	Cameroun
přebývá hrana	Karolinin	Carolina
přebývá hrana	kararský	Carrara
přebývá hrana	Kasiopeja	Cassiopea
přebývá hrana	Kasiopejin	Cassiopea
přebývá hrana	Kastór	Castor
přebývá hrana	kajenský	cayennský
přebývá hrana	Kefeus	Cepheus
přebývá hrana	šampaňský	Champagne
přebývá hrana	čilský	Chile
přebývá hrana	hrvatský	Chorvatsko
přebývá hrana	Zürich	Curich
přebývá hrana	Zürych	Curich
přebývá hrana	kyrilika	cyrilice
přebývá hrana	fúrský	Darfur
přebývá hrana	kartézský	Descartes
přebývá hrana	Ajnštajn	Einstein
přebývá hrana	Philon	Filón
přebývá hrana	Phoebus	Foibos
přebývá hrana	Gniezno	Hnězdno
přebývá hrana	Íránka	Iránec
přebývá hrana	Jasonův	Iásónův
přebývá hrana	Jason	Iásón
přebývá hrana	Ekaterinburg	Jekatěrinburg
přebývá hrana	žerzej	Jersey
přebývá hrana	Ión	Jon
přebývá hrana	Hélius	Julius
přebývá hrana	Cayuga	Kajuga
přebývá hrana	Culicat	Kalikat
přebývá hrana	Qom	Komm
přebývá hrana	ňasky	njasky
přebývá hrana	ňaský	njaský
přebývá hrana	Ňasko	Njasa
přebývá hrana	poněmčit	německý
přebývá hrana	Bonifác	Pankrác
přebývá hrana	Šele	Schelle
přebývá hrana	šerlok	Sherlock
přebývá hrana	jihotádžický	Tádžikistán
přebývá hrana	Voršila	Ursula
přebývá hrana	Warszaw	Varšava
přebývá hrana	Velšan	Wales
přebývá hrana	jorkširský	Yorkshire
přebývá hrana	yorkshirskost	jorkširskost
přebývá hrana	yorkshirsky	jorkširsky
přebývá hrana	yorkshirský	jorkširský
přebývá hrana	eter	aithér
přebývá hrana	ether	aithér
přebývá hrana	éter	aithér
přebývá hrana	éterový	aithér
přebývá hrana	éther	aithér
přebývá hrana	árijec	arijský
přebývá hrana	árijství	arijský
přebývá hrana	árón	aron
přebývá hrana	ubezpečit	bezpečný
přebývá hrana	poblíž	blízko
přebývá hrana	dělbuch	bouchat
přebývá hrana	mravenčit	brabenec
přebývá hrana	mravenčí	brabenec
přebývá hrana	obrnit	brnění
přebývá hrana	obrna	brnět
přebývá hrana	rozbroj	brojit
přebývá hrana	obrana	bránit
přebývá hrana	zbraň	bránit
přebývá hrana	šoubyznys	showbusiness
přebývá hrana	obušek	bušit
přebývá hrana	obydlí	bydlet
přebývá hrana	zbadat	bádat
přebývá hrana	úběl	bílý
přebývá hrana	úbyt	ubýt
přebývá hrana	úbytě	ubýt
přebývá hrana	ubíhat	běhat
přebývá hrana	úběžný	ubíhat
přebývá hrana	sbíhat	běžet
přebývá hrana	zbíhat	běžet
přebývá hrana	zběžný	běžet
přebývá hrana	kempově	campový
přebývá hrana	camping	kempink
přebývá hrana	kemp	camp
přebývá hrana	kapučíno	cappuccino
přebývá hrana	kartridž	cartridge
přebývá hrana	zcela	cele
přebývá hrana	vcelku	celek
přebývá hrana	dcérka	cerka
přebývá hrana	dceř	cera
přebývá hrana	dcéra	cera
přebývá hrana	scestí	cesta
přebývá hrana	zcestí	cesta
přebývá hrana	kalifát	chalífát
přebývá hrana	kalifův	chalífův
přebývá hrana	kalif	chalífa
přebývá hrana	kalifka	chalífa
přebývá hrana	scípanost	chcípaný
přebývá hrana	scípaně	chcípaný
přebývá hrana	scípatelnost	chcípatelný
přebývá hrana	scípatelně	chcípatelný
přebývá hrana	scíple	chcíple
přebývá hrana	scíplý	chcíplý
přebývá hrana	scípnutelnost	chcípnutelný
přebývá hrana	scípnutelně	chcípnutelný
přebývá hrana	scípnutost	chcípnutý
přebývá hrana	scípnutě	chcípnutý
přebývá hrana	scípávací	chcípávat
přebývá hrana	scípávaný	chcípávat
přebývá hrana	scípávání	chcípávat
přebývá hrana	scípací	chcípat
přebývá hrana	scípat	chcípat
přebývá hrana	čmýří	chmýří
přebývá hrana	pochop	chopit
přebývá hrana	schopný	chopit
přebývá hrana	úchop	uchopit
přebývá hrana	úschovna	uschovat
přebývá hrana	úschovné	uschovat
přebývá hrana	pochrupat	chroupat
přebývá hrana	vychrupat	chroupat
přebývá hrana	schrána	chránit
přebývá hrana	zpochybnit	pochybovat
přebývá hrana	úchyt	uchytit
přebývá hrana	úchytka	uchytit
přebývá hrana	úchyl	uchýlit
přebývá hrana	úchylka	uchýlit
přebývá hrana	klírens	clearance
přebývá hrana	klíring	clearing
přebývá hrana	klikat	click
přebývá hrana	proklik	kliknout
přebývá hrana	koka	coca
přebývá hrana	kolegijní	collegium
přebývá hrana	kolegiátní	collegium
přebývá hrana	kolégium	collegium
přebývá hrana	kolon	colón
přebývá hrana	kolon	colón
přebývá hrana	kólon	colón
přebývá hrana	kompjútr	computer
přebývá hrana	konkvistador	conquistador
přebývá hrana	korida	corrida
přebývá hrana	kurt	court
přebývá hrana	kovboj	cowboy
přebývá hrana	ucpat	cpát
přebývá hrana	krekr	cracker
přebývá hrana	necuda	cudný
přebývá hrana	smrtit	cítit
přebývá hrana	tištit	cítit
přebývá hrana	lama	dalajlama
přebývá hrana	vzdál	daleko
přebývá hrana	nezdara	zdárný
přebývá hrana	neska	dnes
přebývá hrana	vděk	dik
přebývá hrana	odispenzarizovat	dispensarisovat
přebývá hrana	zdispenzarizovat	dispensarisovat
přebývá hrana	podél	dlouhý
přebývá hrana	zdéli	dlouhý
přebývá hrana	údobí	doba
přebývá hrana	lepšit	dobrý
přebývá hrana	zdůli	důle
přebývá hrana	zdola	dole
přebývá hrana	oudolí	údolí
přebývá hrana	buly	dout
přebývá hrana	nadranc	drancovat
přebývá hrana	odrat	drát
přebývá hrana	nádrž	držet
přebývá hrana	údržba	udržovat
přebývá hrana	zjednodušit	jednoduchý
přebývá hrana	zdvojnásobit	dvojnásobný
přebývá hrana	zdálky	dálka
přebývá hrana	udat	dát
přebývá hrana	údaj	udat
přebývá hrana	úděl	udělit
přebývá hrana	zděř	díra
přebývá hrana	ďoura	díra
přebývá hrana	odiv	divit
přebývá hrana	ďouče	dívka
přebývá hrana	vzdychat	dechnout
přebývá hrana	záducha	dýchat
přebývá hrana	neděle	dělat
přebývá hrana	pondělí	neděle
přebývá hrana	jammovat	džemovat
přebývá hrana	najamovat	jammovat
přebývá hrana	odjamovat	jammovat
přebývá hrana	zajamovat	jammovat
přebývá hrana	jamovat	džemovat
přebývá hrana	jam	džem
přebývá hrana	gentlemansky	džentlmenský
přebývá hrana	gentlemanský	džentlmenský
přebývá hrana	gentlemanství	džentlmenský
přebývá hrana	gentlemanův	džentlmenův
přebývá hrana	gentleman	džentlmen
přebývá hrana	gentry	džentry
přebývá hrana	jazzový	džezový
přebývá hrana	jazzově	džezový
přebývá hrana	jazz	džez
přebývá hrana	jazzman	džezman
přebývá hrana	jazzovat	džezovat
přebývá hrana	gin	džin
přebývá hrana	judistka	džudista
přebývá hrana	judistův	džudista
přebývá hrana	judo	džudo
přebývá hrana	juice	džus
přebývá hrana	ampír	empir
přebývá hrana	estetizmus	aesthetický
přebývá hrana	estetizovat	aesthetický
přebývá hrana	estetično	aesthetický
přebývá hrana	estetičnost	aesthetický
přebývá hrana	estét	aesthetický
přebývá hrana	éticky	ethicky
přebývá hrana	étickost	ethický
přebývá hrana	étický	ethický
přebývá hrana	étos	ethos
přebývá hrana	matfyz	fyzikální
přebývá hrana	physiologie	fyziologie
přebývá hrana	ohanbí	hanba
přebývá hrana	nahašovat	hashovat
přebývá hrana	zhašovat	hashovat
přebývá hrana	storka	historka
přebývá hrana	zhlaví	hlava
přebývá hrana	nadhled	hledět
přebývá hrana	ohlédat	hledět
přebývá hrana	podhled	hledět
přebývá hrana	shlížet	hledět
přebývá hrana	vhlížet	hledět
přebývá hrana	úhledný	hledět
přebývá hrana	ohlušit	hluchý
přebývá hrana	dohmat	hmatat
přebývá hrana	úhyb	uhýbat
přebývá hrana	ohnat	hnát
přebývá hrana	uhnat	hnát
přebývá hrana	úhona	uhnat
přebývá hrana	nehoda	hodit
přebývá hrana	pohoda	hodit
přebývá hrana	úhoz	uhodit
přebývá hrana	vhod	hodit
přebývá hrana	zhola	holý
přebývá hrana	shůry	hora
přebývá hrana	pohov	hovět
přebývá hrana	úhrabek	hrabat
přebývá hrana	úhrada	uhradit
přebývá hrana	vyhrkat	hrknout
přebývá hrana	úhrn	hrnout
přebývá hrana	úhrnem	hrnout
přebývá hrana	zhruba	hrubý
přebývá hrana	zhusta	hustý
přebývá hrana	úhyn	uhynout
přebývá hrana	ohyzdný	hyzdit
přebývá hrana	záhada	hádat
přebývá hrana	grivna	hřivna
přebývá hrana	naistalovat	instalovat
přebývá hrana	kominterna	internacionál
přebývá hrana	zjara	jaro
přebývá hrana	vjedno	jeden
přebývá hrana	zjednostranit	jednostranný
přebývá hrana	pojezný	jezdit
přebývá hrana	újezd	ujet
přebývá hrana	najevo	jevit
přebývá hrana	zjevný	jevit
přebývá hrana	zjista	jistý
přebývá hrana	zjitra	jitro
přebývá hrana	vnímat	jímat
přebývá hrana	snímat	jmout
přebývá hrana	újma	ujmout
přebývá hrana	džob	job
přebývá hrana	žokejův	jockeyův
přebývá hrana	žokej	jockey
přebývá hrana	žokejka	jockey
přebývá hrana	chunta	junta
přebývá hrana	sníst	jíst
přebývá hrana	obchod	chodit
přebývá hrana	ochoz	chodit
přebývá hrana	vohoz	ochoz
přebývá hrana	pochozí	chodit
přebývá hrana	causa	kauza
přebývá hrana	pokřik	křičet
přebývá hrana	quipu	kipu
přebývá hrana	poklesat	klesnout
přebývá hrana	poklek	klečet
přebývá hrana	úklid	uklidit
přebývá hrana	úklon	uklonit
přebývá hrana	prokluz	klouzat
přebývá hrana	poklus	klusat
přebývá hrana	úklad	ukládat
přebývá hrana	ouklad	úklad
přebývá hrana	coca	koka
přebývá hrana	okolí	kolo
přebývá hrana	vůkolí	okolí
přebývá hrana	subkompakt	kompaktní
přebývá hrana	příkon	konat
přebývá hrana	zákon	konat
přebývá hrana	úkon	konat
přebývá hrana	podkop	kopat
přebývá hrana	příkop	kopat
přebývá hrana	pokos	kosit
přebývá hrana	opřekot	překotný
přebývá hrana	okounět	koukat
přebývá hrana	předkus	kousat
přebývá hrana	okusit	kousnout
přebývá hrana	podkres	kreslit
přebývá hrana	pokrm	krmit
přebývá hrana	úkrojek	ukrojit
přebývá hrana	úkrok	ukročit
přebývá hrana	zákruta	kroutit
přebývá hrana	skruž	kruh
přebývá hrana	vskrytu	skrývat
přebývá hrana	úkryt	ukrýt
přebývá hrana	odjinad	jinudy
přebývá hrana	cumulus	kumulovat
přebývá hrana	quasar	kvazar
přebývá hrana	quasimonopolní	kvazimonopolní
přebývá hrana	quasiscanner	kvaziskener
přebývá hrana	nákyp	kypět
přebývá hrana	úkaz	ukázat
přebývá hrana	zkazka	kázat
přebývá hrana	enkodér	kódovat
přebývá hrana	zakýhat	kejhat
přebývá hrana	dokřupava	křoupavý
přebývá hrana	doléhat	lehnout
přebývá hrana	naléhat	lehnout
přebývá hrana	podléhat	lehnout
přebývá hrana	nocleh	ležet
přebývá hrana	zlíhat	léhat
přebývá hrana	zlehka	lehko
přebývá hrana	úlek	uleknout
přebývá hrana	polep	lepit
přebývá hrana	úlet	uletět
přebývá hrana	slevit	levný
přebývá hrana	vlevo	levý
přebývá hrana	zleva	levý
přebývá hrana	přelud	loudit
přebývá hrana	záludný	loudit
přebývá hrana	koželuh	louhovat
přebývá hrana	palouk	louka
přebývá hrana	zálusk	louskat
přebývá hrana	nerozlučný	rozloučit
přebývá hrana	nerozlučitelnost	rozloučitelnost
přebývá hrana	neslučitelnost	sloučitelnost
přebývá hrana	úsloví	slovit
přebývá hrana	úlovek	ulovit
přebývá hrana	úložné	uložit
přebývá hrana	úložní	uložit
přebývá hrana	úlomek	ulomit
přebývá hrana	úlisný	lísat
přebývá hrana	omak	makat
přebývá hrana	zmála	málo
přebývá hrana	rozmar	mařit
přebývá hrana	omastek	mastný
přebývá hrana	zmdlet	mdlít
přebývá hrana	pomíjet	minout
přebývá hrana	úmluva	umluvit
přebývá hrana	zmlkat	mlknout
přebývá hrana	umlkat	mlčet
přebývá hrana	zámlka	mlčet
přebývá hrana	zmnohonásobit	mnohonásobný
přebývá hrana	nemoc	moci
přebývá hrana	podmok	mokrý
přebývá hrana	úmoří	moře
přebývá hrana	namrzat	mrznout
přebývá hrana	podmrzlý	mrznout
přebývá hrana	promrzat	mrznout
přebývá hrana	rozmrzat	mrznout
přebývá hrana	umrzat	mrznout
přebývá hrana	poodmykat	odemykat
přebývá hrana	šmejkaný	smýkaný
přebývá hrana	šmejkaně	smýkaný
přebývá hrana	šmejkatelný	smýkatelný
přebývá hrana	šmejkatelně	smýkatelný
přebývá hrana	šmejkávaný	smýkávaný
přebývá hrana	šmejkávaně	smýkávaný
přebývá hrana	šmejkávatelný	smýkávatelný
přebývá hrana	šmejkávatelně	smýkávatelný
přebývá hrana	šmejkat	smykat
přebývá hrana	šmytec	smykat
přebývá hrana	šmýkat	smykat
přebývá hrana	zúmysla	oumysl
přebývá hrana	úmysl	oumysl
přebývá hrana	úmyslný	oumysl
přebývá hrana	omáčka	máčet
přebývá hrana	podmet	metat
přebývá hrana	přemet	metat
přebývá hrana	zmísta	místo
přebývá hrana	směr	mířit
přebývá hrana	omyl	mýlit
přebývá hrana	rozměr	měřit
přebývá hrana	úměra	měřit
přebývá hrana	úmor	umořit
přebývá hrana	smrt	mřít
přebývá hrana	umrlý	mřít
přebývá hrana	úmrtí	umřít
přebývá hrana	uvnitř	nitro
přebývá hrana	vnitřek	uvnitř
přebývá hrana	zvnitřka	vnitřek
přebývá hrana	dovnitř	vnitro
přebývá hrana	zevnitř	vnitro
přebývá hrana	odnož	noha
přebývá hrana	únožka	unožit
přebývá hrana	znuzit	nuzný
přebývá hrana	ponurý	nořit
přebývá hrana	znáhla	náhlý
přebývá hrana	stonásob	násobit
přebývá hrana	podnos	nosit
přebývá hrana	únos	unést
přebývá hrana	únosce	unést
přebývá hrana	únosný	unést
přebývá hrana	snížit	nízký
přebývá hrana	ňáký	nějaký
přebývá hrana	jinud	odkud
přebývá hrana	vodkuď	odkud
přebývá hrana	zohavit	ohavný
přebývá hrana	vůkol	okolo
přebývá hrana	vůsmý	osmý
přebývá hrana	vostro	ostrý
přebývá hrana	zostra	ostrý
přebývá hrana	naotvírat	odevírat
přebývá hrana	votvírací	odevírací
přebývá hrana	votvírající	odevírající
přebývá hrana	votvíranost	odevíranost
přebývá hrana	votvíraně	odevíraně
přebývá hrana	votvíraný	odevíraný
přebývá hrana	votvíratelnost	odevíratelnost
přebývá hrana	votvíratelně	odevíratelně
přebývá hrana	votvíratelný	odevíratelný
přebývá hrana	votvírání	odevírání
přebývá hrana	votvírávací	odevírávací
přebývá hrana	votvírávající	odevírávající
přebývá hrana	votvírávanost	odevírávanost
přebývá hrana	votvírávaně	odevírávaně
přebývá hrana	votvírávaný	odevírávaný
přebývá hrana	votvírávatelnost	odevírávatelnost
přebývá hrana	votvírávatelně	odevírávatelně
přebývá hrana	votvírávatelný	odevírávatelný
přebývá hrana	votvírávání	odevírávání
přebývá hrana	votvírávat	odevírávat
přebývá hrana	votvírat	odevírat
přebývá hrana	plnit	ouplný
přebývá hrana	plničký	ouplný
přebývá hrana	plno	ouplný
přebývá hrana	plnost	ouplný
přebývá hrana	plný	ouplný
přebývá hrana	plně	ouplný
přebývá hrana	zplna	ouplný
přebývá hrana	úplnost	ouplný
přebývá hrana	úplný	ouplný
přebývá hrana	úplně	ouplný
přebývá hrana	ouplně	úplně
přebývá hrana	úplněk	ouplný
přebývá hrana	redoxní	oxidační
přebývá hrana	dopadat	padnout
přebývá hrana	nazpaměť	zpaměti
přebývá hrana	úpatí	pata
přebývá hrana	spatra	patro
přebývá hrana	vzpaž	paže
přebývá hrana	opéci	péct
přebývá hrana	spéci	péct
přebývá hrana	vpéci	péct
přebývá hrana	zpéci	péct
přebývá hrana	zpevna	pevný
přebývá hrana	naplat	platit
přebývá hrana	úplata	uplatit
přebývá hrana	úplatce	uplatit
přebývá hrana	úplatek	uplatit
přebývá hrana	náplav	plavit
přebývá hrana	úplavice	uplavat
přebývá hrana	oplzlý	plazit
přebývá hrana	splaz	plazit
přebývá hrana	doplít	plivnout
přebývá hrana	naplít	plivnout
přebývá hrana	naplít	plivnout
přebývá hrana	uplít	plivnout
přebývá hrana	uplít	plivnout
přebývá hrana	vyplít	plivnout
přebývá hrana	vyplít	plivnout
přebývá hrana	zaplít	plivnout
přebývá hrana	zaplít	plivnout
přebývá hrana	oplývat	plynout
přebývá hrana	splývat	plynout
přebývá hrana	uplývat	plynout
přebývá hrana	vyplývat	plynout
přebývá hrana	náplet	plést
přebývá hrana	oplet	plést
přebývá hrana	úplet	uplést
přebývá hrana	vodepnutě	odepjatě
přebývá hrana	vodepjatý	odepnutý
přebývá hrana	opona	pnout
přebývá hrana	úpon	upnout
přebývá hrana	úpona	upnout
přebývá hrana	zpodobit	podobný
přebývá hrana	upokojit	pokojný
přebývá hrana	oponec	popenec
přebývá hrana	upotřebit	potřebný
přebývá hrana	zpočátku	počátek
přebývá hrana	spraš	prášit
přebývá hrana	úprava	upravit
přebývá hrana	úpravce	upravit
přebývá hrana	zprava	pravý
přebývá hrana	vyprahat	prahnout
přebývá hrana	uprchat	prchnout
přebývá hrana	úprk	prchat
přebývá hrana	zpropadený	propadnout
přebývá hrana	oprsklý	prskat
přebývá hrana	opruz	prudit
přebývá hrana	zpružení	vzpružit
přebývá hrana	zpružený	vzpružit
přebývá hrana	zpruživší	vzpružit
přebývá hrana	zpružovat	vzpružit
přebývá hrana	zprvopočátku	prvopočátek
přebývá hrana	zprvu	prvý
přebývá hrana	oprat	prát
přebývá hrana	opsat	psát
přebývá hrana	upsat	psát
přebývá hrana	úpis	upsat
přebývá hrana	optat	ptát
přebývá hrana	dušezpyt	zpytovat
přebývá hrana	úpal	pálit
přebývá hrana	zpyšna	pyšný
přebývá hrana	kupředu	přední
přebývá hrana	vpředku	přední
přebývá hrana	zepředu	přední
přebývá hrana	spor	přít
přebývá hrana	úpor	upřít
přebývá hrana	napříč	příčit
přebývá hrana	opuka	pukat
přebývá hrana	rozpukat	puknout
přebývá hrana	zpol	půl
přebývá hrana	způli	půle
přebývá hrana	způsob	působit
přebývá hrana	řachtání	rachtat
přebývá hrana	finesa	rafinovat
přebývá hrana	zrána	ráno
přebývá hrana	zracionovat	racionelní
přebývá hrana	úraz	urazit
přebývá hrana	porenesanční	renaissanční
přebývá hrana	letý	rock
přebývá hrana	odrůda	rodit
přebývá hrana	úroda	urodit
přebývá hrana	odročit	rokovat
přebývá hrana	úroveň	urovnat
přebývá hrana	náruč	ruka
přebývá hrana	orvat	rvát
přebývá hrana	poryv	rvát
přebývá hrana	zervaný	servat
přebývá hrana	urvat	rvát
přebývá hrana	řičet	ryčet
přebývá hrana	arytmie	rytmus
přebývá hrana	posada	sadit
přebývá hrana	rozsah	sahat
přebývá hrana	šáhnutí	sáhnout
přebývá hrana	šáhnutý	sáhnout
přebývá hrana	šáhat	sahat
přebývá hrana	osamotit	samotný
přebývá hrana	oskenovat	scannovat
přebývá hrana	vodsezení	odsedění
přebývá hrana	vodsezenost	odseděnost
přebývá hrana	vodsezeně	odseděně
přebývá hrana	vodsezený	odseděný
přebývá hrana	posez	sedět
přebývá hrana	nasedat	sednout
přebývá hrana	usedat	sednout
přebývá hrana	zasedat	sednout
přebývá hrana	úsek	useknout
přebývá hrana	úseč	useknout
přebývá hrana	šery	sherry
přebývá hrana	šot	shot
přebývá hrana	šou	show
přebývá hrana	škicnutí	skicnout
přebývá hrana	škicnutý	skicnout
přebývá hrana	škicnuvší	skicnout
přebývá hrana	poskok	skočit
přebývá hrana	přískok	skočit
přebývá hrana	úskok	uskočit
přebývá hrana	úskočný	uskočit
přebývá hrana	vskutku	skutek
přebývá hrana	úskalí	skála
přebývá hrana	vposled	poslední
přebývá hrana	nohsled	sledovat
přebývá hrana	zvukosled	sledovat
přebývá hrana	doslov	slovo
přebývá hrana	posluha	sloužit
přebývá hrana	úsluha	sloužit
přebývá hrana	odsluní	slunce
přebývá hrana	výsluní	slunce
přebývá hrana	úsměv	usmát
přebývá hrana	úsudek	usoudit
přebývá hrana	pospas	spasit
přebývá hrana	šplouchat	spláchnout
přebývá hrana	našplíchat	šplouchat
přebývá hrana	ošplíchat	šplouchat
přebývá hrana	pošplíchat	šplouchat
přebývá hrana	vyšpláchat	šplouchat
přebývá hrana	vyšplíchat	šplouchat
přebývá hrana	došplíchnout	šplouchnout
přebývá hrana	odšplíchnout	šplouchnout
přebývá hrana	ošplíchnout	šplouchnout
přebývá hrana	ušplíchnout	šplouchnout
přebývá hrana	vespod	spodek
přebývá hrana	naspod	spodní
přebývá hrana	zespod	spodní
přebývá hrana	zespoda	spodní
přebývá hrana	úspora	uspořit
přebývá hrana	sporák	úsporný
přebývá hrana	uspat	spát
přebývá hrana	špízovávaně	spížovávaný
přebývá hrana	špízovávatelně	spížovávatelný
přebývá hrana	špízovací	spížovat
přebývá hrana	špízovaný	spížovat
přebývá hrana	špízování	spížovat
přebývá hrana	špízující	spížovat
přebývá hrana	špížovací	spížovat
přebývá hrana	špížovaný	spížovat
přebývá hrana	špížování	spížovat
přebývá hrana	špajz	spíž
přebývá hrana	pospíšit	spěchat
přebývá hrana	uspíšit	spěchat
přebývá hrana	úspěch	uspět
přebývá hrana	dvouspřeží	spřáhnout
přebývá hrana	osrdí	srdce
přebývá hrana	usrat	srát
přebývá hrana	štátue	statue
přebývá hrana	nedostižný	dostihnout
přebývá hrana	ustlat	stlát
přebývá hrana	štuček	stůček
přebývá hrana	šťopka	stopka
přebývá hrana	dostup	stoupat
přebývá hrana	pětistup	stoupat
přebývá hrana	osmistup	stoupit
přebývá hrana	ústup	ustoupit
přebývá hrana	ústupek	ustoupit
přebývá hrana	vzestup	stoupat
přebývá hrana	ústroj	ustrojit
přebývá hrana	ústrojný	ustrojit
přebývá hrana	ústrojí	ustrojit
přebývá hrana	štruzok	strožok
přebývá hrana	štrúzok	strožok
přebývá hrana	postrk	strkat
přebývá hrana	ústrk	ustrčit
přebývá hrana	študák	student
přebývá hrana	študovanec	studovaný
přebývá hrana	študýrka	studovat
přebývá hrana	nestyda	stydět
přebývá hrana	štýl	styl
přebývá hrana	ostat	stát
přebývá hrana	ústav	ustavit
přebývá hrana	ústava	ustavit
přebývá hrana	ustat	stát
přebývá hrana	pozůstat	zvostat
přebývá hrana	zblo	stéblo
přebývá hrana	ostění	stěna
přebývá hrana	ústředivý	ustředit
přebývá hrana	obstřel	střelit
přebývá hrana	ústřel	ustřelit
přebývá hrana	ostraha	střežit
přebývá hrana	výstraha	stražit
přebývá hrana	prostřih	střihat
přebývá hrana	ústřižek	ustříhnout
přebývá hrana	vystříhat	stříhnout
přebývá hrana	dostřik	stříkat
přebývá hrana	nástřik	stříkat
přebývá hrana	obstřik	stříkat
přebývá hrana	osychat	schnout
přebývá hrana	zasychat	vyschnout
přebývá hrana	vsuchu	sucho
přebývá hrana	přísuv	sunout
přebývá hrana	zasout	sunout
přebývá hrana	osvobodit	svobodný
přebývá hrana	podsvit	svítit
přebývá hrana	přísvit	svítit
přebývá hrana	úsvit	svítit
přebývá hrana	zasvé	svůj
přebývá hrana	nesympatie	sympathie
přebývá hrana	osyp	sypat
přebývá hrana	osypky	sypat
přebývá hrana	podsyp	sypat
přebývá hrana	výspa	sypat
přebývá hrana	úsilí	síla
přebývá hrana	osev	sít
přebývá hrana	netáhlo	tahnout
přebývá hrana	ztenka	tenký
přebývá hrana	otep	tepat
přebývá hrana	útes	tesat
přebývá hrana	zátiší	ticho
přebývá hrana	zticha	ticho
přebývá hrana	úkos	tik
přebývá hrana	nátisk	tisknout
přebývá hrana	přítisk	tisknout
přebývá hrana	stiskat	tisknout
přebývá hrana	útisk	utiskovat
přebývá hrana	vtiskat	tisknout
přebývá hrana	tečna	dotknout
přebývá hrana	vytýkat	tknout
přebývá hrana	zatýkat	tknout
přebývá hrana	zátka	tknout
přebývá hrana	utkvět	tkvít
přebývá hrana	utkat	tkát
přebývá hrana	otlak	tlačit
přebývá hrana	potlač	tlačit
přebývá hrana	útlum	utlumit
přebývá hrana	otop	topit
přebývá hrana	útrata	utratit
přebývá hrana	podtrh	trhat
přebývá hrana	útržek	utrhnout
přebývá hrana	potrubí	trouba
přebývá hrana	útrpný	utrpět
přebývá hrana	otrapa	trápit
přebývá hrana	útrapa	trápit
přebývá hrana	potrava	trávit
přebývá hrana	vocaď	odsud
přebývá hrana	vocuď	odsud
přebývá hrana	vocáď	odsud
přebývá hrana	vodcuď	odsud
přebývá hrana	vodsuď	odsud
přebývá hrana	vodtaď	odsud
přebývá hrana	vodtud	odsud
přebývá hrana	vodtuď	odsud
přebývá hrana	utuchat	tuchnout
přebývá hrana	zatouchat	tuchnout
přebývá hrana	ztuha	tuhý
přebývá hrana	potok	téct
přebývá hrana	stoka	téct
přebývá hrana	útek	utéct
přebývá hrana	útěk	utéct
přebývá hrana	outěk	útěk
přebývá hrana	útěcha	utěšit
přebývá hrana	stíží	teze
přebývá hrana	ztěžka	těžko
přebývá hrana	ztěží	těžký
přebývá hrana	otřep	třepat
přebývá hrana	střapec	třepit
přebývá hrana	ouško	ucho
přebývá hrana	úchvat	uchvátit
přebývá hrana	úchvatný	uchvátit
přebývá hrana	úcta	uctít
přebývá hrana	ctít	úcta
přebývá hrana	čest	ctít
přebývá hrana	úder	udeřit
přebývá hrana	úderka	udeřit
přebývá hrana	úleva	ulevit
přebývá hrana	únava	unavit
přebývá hrana	únik	uniknout
přebývá hrana	úpad	upadnout
přebývá hrana	oupad	úpad
přebývá hrana	úpadce	upadnout
přebývá hrana	úpadek	upadnout
přebývá hrana	úpadní	upadnout
přebývá hrana	úzus	usus
přebývá hrana	nedouk	doučit
přebývá hrana	úča	učitelka
přebývá hrana	nevadlec	vadnout
přebývá hrana	povadat	vadnout
přebývá hrana	uvadat	vadnout
přebývá hrana	podval	valit
přebývá hrana	úval	uvalit
přebývá hrana	ouval	úval
přebývá hrana	svářet	vařit
přebývá hrana	povel	velet
přebývá hrana	zvlhat	velhat
přebývá hrana	weltr	velter
přebývá hrana	zvenka	venek
přebývá hrana	zvenku	venek
přebývá hrana	zvenčí	venek
přebývá hrana	dopolovic	polovice
přebývá hrana	napolovic	polovice
přebývá hrana	ověs	viset
přebývá hrana	svislý	viset
přebývá hrana	oběsit	věšet
přebývá hrana	ovládat	vládnout
přebývá hrana	převládat	vládnout
přebývá hrana	zavládat	vládnout
přebývá hrana	zvládat	vládnout
přebývá hrana	obléct	vléct
přebývá hrana	svléci	vléct
přebývá hrana	uvléci	vléct
přebývá hrana	přívlač	vláčet
přebývá hrana	zvnějška	vnějšek
přebývá hrana	brabčák	vrabec
přebývá hrana	rapa	vrap
přebývá hrana	raper	vrap
přebývá hrana	zvraskalý	svraskat
přebývá hrana	svršky	vrchní
přebývá hrana	navýšit	vysoký
přebývá hrana	povýšit	vysoký
přebývá hrana	zvýšit	vysoký
přebývá hrana	ovzduší	vzduch
přebývá hrana	souvztažný	vztahovat
přebývá hrana	navzájem	vzájemný
přebývá hrana	brát	vzít
přebývá hrana	obrat	brát
přebývá hrana	ubrat	brát
přebývá hrana	úběr	ubrat
přebývá hrana	zrovnovážit	rovnovážný
přebývá hrana	úvaha	uvážit
přebývá hrana	podvaz	odvázat
přebývá hrana	provaz	vázat
přebývá hrana	úvaz	uvázat
přebývá hrana	úvazek	uvázat
přebývá hrana	obvod	vést
přebývá hrana	úvod	uvést
přebývá hrana	úvodce	uvést
přebývá hrana	sprovodit	provázet
přebývá hrana	psovod	vodit
přebývá hrana	povoz	vozit
přebývá hrana	povíc	více
přebývá hrana	důvěra	věřit
přebývá hrana	úvěr	věřit
přebývá hrana	odvíjet	vinout
přebývá hrana	vodpovědění	odpovězení
přebývá hrana	vodpověděný	odpovězený
přebývá hrana	vodpověděně	odpovězený
přebývá hrana	zevšad	všade
přebývá hrana	zvolna	volno
přebývá hrana	dycky	vždycky
přebývá hrana	viska	whisky
přebývá hrana	pozdvihat	zdvihnout
přebývá hrana	emzák	mimozemšťan
přebývá hrana	ozim	zima
přebývá hrana	význam	znamení
přebývá hrana	uznat	znát
přebývá hrana	nazrzlý	zerzavý
přebývá hrana	žunknutí	zunknout
přebývá hrana	žunknutý	zunknout
přebývá hrana	žunknuvší	zunknout
přebývá hrana	pozved	zvednout
přebývá hrana	pozvedat	zvednout
přebývá hrana	vyzvedat	zvednout
přebývá hrana	ozvat	zvát
přebývá hrana	věstový	zvěstovat
přebývá hrana	vzad	záda
přebývá hrana	zezad	vzad
přebývá hrana	pozítřejší	zejtřejší
přebývá hrana	pozor	zřít
přebývá hrana	obzor	zírat
přebývá hrana	Assam	Ásám
přebývá hrana	epeirský	Épeiros
přebývá hrana	oud	úd
přebývá hrana	ouklej	úklej
přebývá hrana	oukol	úkol
přebývá hrana	oukrop	úkrop
přebývá hrana	oul	úl
přebývá hrana	ourok	úrok
přebývá hrana	oustně	ústně
přebývá hrana	outlý	útlý
přebývá hrana	outle	útle
přebývá hrana	ouvoz	úvoz
přebývá hrana	ouzký	úzký
přebývá hrana	ouzce	úzce
přebývá hrana	ouzko	úzko
přebývá hrana	oučel	účel
přebývá hrana	oučet	účet
přebývá hrana	dozúčtovat	součtovat
přebývá hrana	pozúčtovat	součtovat
přebývá hrana	zúčtovávací	součtovávat
přebývá hrana	zúčtovávaný	součtovávat
přebývá hrana	zúčtovávaně	součtovávat
přebývá hrana	zúčtovávat	součtovávat
přebývá hrana	zúčtovávání	součtovávat
přebývá hrana	uzúčtovací	součtovat
přebývá hrana	uzúčtovaný	součtovat
přebývá hrana	uzúčtovaně	součtovat
přebývá hrana	uzúčtovat	součtovat
přebývá hrana	uzúčtování	součtovat
přebývá hrana	zazúčtovat	součtovat
přebývá hrana	zúčtovací	součtovat
přebývá hrana	zúčtovaný	součtovat
přebývá hrana	zúčtovaně	součtovat
přebývá hrana	zúčtovat	součtovat
přebývá hrana	zúčtovatel	součtovat
přebývá hrana	zúčtovavší	součtovat
přebývá hrana	zúčtování	součtovat
přebývá hrana	dočkat	čekat
přebývá hrana	počkat	čekat
přebývá hrana	sečkat	čekat
přebývá hrana	vyčkat	čekat
přebývá hrana	pačesy	česat
přebývá hrana	příčes	česat
přebývá hrana	účes	česat
přebývá hrana	náčiní	činit
přebývá hrana	součin	činit
přebývá hrana	účin	učinit
přebývá hrana	účinný	učinit
přebývá hrana	účinek	činit
přebývá hrana	učinkovávanost	oučinkovávaný
přebývá hrana	účinkovávanost	oučinkovávaný
přebývá hrana	účinkovávaně	oučinkovávaný
přebývá hrana	učinkovávatelnost	oučinkovávatelný
přebývá hrana	účinkovávatelnost	oučinkovávatelný
přebývá hrana	účinkovávatelně	oučinkovávatelný
přebývá hrana	vyčárat	čmárat
přebývá hrana	účaří	čmára
přebývá hrana	štyry	čtyři
přebývá hrana	štyryadvacetkrát	čtyřiadvacetkrát
přebývá hrana	štyrycet	čtyřicet
přebývá hrana	štyrykrát	čtyřikrát
přebývá hrana	účast	část
přebývá hrana	zčista	čistý
přebývá hrana	očurat	čůrat
přebývá hrana	luďák	ľudový
přebývá hrana	rečický	Řečice
přebývá hrana	úřad	řád
přebývá hrana	ouřad	úřad
přebývá hrana	ouřada	úřada
přebývá hrana	poříz	řezat
přebývá hrana	ořvat	řvát
přebývá hrana	uřvat	řvát
přebývá hrana	neřku	říct
přebývá hrana	rčení	říct
přebývá hrana	uříci	říct
přebývá hrana	zříci	říct
přebývá hrana	výrok	říci
přebývá hrana	zřídka	řídký
přebývá hrana	všanc	šance
přebývá hrana	shaker	šejkr
přebývá hrana	nešika	šikovný
přebývá hrana	obšírný	široký
přebývá hrana	našíř	šíře
přebývá hrana	ošklíbat	šklebit
přebývá hrana	ušklíbat	šklebit
přebývá hrana	úškleb	šklebit
přebývá hrana	voškrabávající	oškrabovávající
přebývá hrana	příškvar	škvařit
přebývá hrana	nášlap	šlápnout
přebývá hrana	sešup	šoupat
přebývá hrana	našpicovat	špiclovat
přebývá hrana	našpulit	špoulit
přebývá hrana	sešpulit	špoulit
přebývá hrana	sprušle	šprusel
přebývá hrana	uštvat	štvát
přebývá hrana	oštěpek	štípat
přebývá hrana	štyřka	čtyrka
přebývá hrana	štírka	čtyrka
přebývá hrana	štírčin	čtyrka
přebývá hrana	úštěp	štěpit
přebývá hrana	pošuk	šukat
přebývá hrana	nešvar	švarný
přebývá hrana	doštochat	šťouchat
přebývá hrana	naštochat	šťouchat
přebývá hrana	oštochat	šťouchat
přebývá hrana	uštochat	šťouchat
přebývá hrana	vyštochat	šťouchat
přebývá hrana	zaštochat	šťouchat
přebývá hrana	Genéve	Ženeva
přebývá hrana	úžas	užasnout
přebývá hrana	ožrat	žrát
přebývá hrana	užrat	žrát
