*slova končící na 'istický', která jsou pod 'izmus', ale ne pod 'ismus'
*přebývá hrana	istický	izmus
*
přebývá hrana	alpinista	alpinizmus
přebývá hrana	bergsonista	bergsonizmus
přebývá hrana	bonapartista	bonapartizmus
přebývá hrana	frankista	frankizmus
přebývá hrana	kalvinista	kalvinizmus
přebývá hrana	leninista	leninizmus
přebývá hrana	maoista	maoizmus
přebývá hrana	marxista	marxizmus
přebývá hrana	sadista	sadizmus
přebývá hrana	sionista	sionizmus
přebývá hrana	stalinista	stalinizmus
přebývá hrana	abolicionista	abolicionizmus
přebývá hrana	absolutista	absolutizmus
přebývá hrana	adventista	adventizmus
přebývá hrana	aforista	aforizmus
přebývá hrana	akademista	akademizmus
přebývá hrana	akméista	akméizmus
přebývá hrana	aktivista	aktivizmus
přebývá hrana	alibista	alibizmus
přebývá hrana	altruista	altruizmus
přebývá hrana	anabaptista	anabaptizmus
přebývá hrana	anarchista	anarchizmus
přebývá hrana	anarchosyndikalista	anarchosyndikalizmus
přebývá hrana	animista	animizmus
přebývá hrana	antagonista	antagonizmus
přebývá hrana	archaista	archaizmus
přebývá hrana	arivista	arivizmus
přebývá hrana	atomista	atomizmus
přebývá hrana	austromarxista	austromarxizmus
přebývá hrana	autista	autizmus
přebývá hrana	automobilista	automobilizmus
přebývá hrana	avanturista	avanturizmus
přebývá hrana	baptista	baptizmus
přebývá hrana	behaviorista	behaviorizmus
přebývá hrana	bilingvista	bilingvizmus
přebývá hrana	blairista	blairizmus
přebývá hrana	carista	carizmus
přebývá hrana	centralista	centralizmus
přebývá hrana	cykloterorista	cykloterorizmus
přebývá hrana	cykloturista	cykloturizmus
přebývá hrana	dadaista	dadaizmus
přebývá hrana	darwinista	darwinizmus
přebývá hrana	defétista	defétizmus
přebývá hrana	deista	deizmus
přebývá hrana	determinista	determinizmus
přebývá hrana	dualista	dualizmus
přebývá hrana	dynamoarchista	dynamoarchizmus
přebývá hrana	džinista	džinizmus
přebývá hrana	egoista	egoizmus
přebývá hrana	ekologista	ekologizmus
přebývá hrana	ekonomista	ekonomizmus
přebývá hrana	environmentalista	environmentalizmus
přebývá hrana	eurokomunista	eurokomunizmus
přebývá hrana	eurooptimista	eurooptimizmus
přebývá hrana	eurorealista	eurorealizmus
přebývá hrana	evolucionista	evolucionizmus
přebývá hrana	exhibicionista	exhibicionizmus
přebývá hrana	existencialista	existencializmus
přebývá hrana	expresionista	expresionizmus
přebývá hrana	fatalista	fatalizmus
přebývá hrana	fašista	fašizmus
přebývá hrana	antifašista	antifašizmus
přebývá hrana	neofašista	neofašizmus
přebývá hrana	federalista	federalizmus
přebývá hrana	feminista	feminizmus
přebývá hrana	fetišista	fetišizmus
přebývá hrana	feudalista	feudalizmus
přebývá hrana	formalista	formalizmus
přebývá hrana	fundamentalista	fundamentalizmus
přebývá hrana	funkcionalista	funkcionalizmus
přebývá hrana	futurista	futurizmus
přebývá hrana	globalista	globalizmus
přebývá hrana	hinduista	hinduizmus
přebývá hrana	humanista	humanizmus
přebývá hrana	hédonista	hédonizmus
přebývá hrana	idealista	idealizmus
přebývá hrana	iluzionista	iluzionizmus
přebývá hrana	imperialista	imperializmus
přebývá hrana	antiimperialista	antiimperializmus
přebývá hrana	impresionista	impresionizmus
přebývá hrana	individualista	individualizmus
přebývá hrana	intelektualista	intelektualizmus
přebývá hrana	internacionalista	internacionalizmus
přebývá hrana	iredentista	iredentizmus
přebývá hrana	antiislamista	antiislamizmus
přebývá hrana	izolacionista	izolacionizmus
přebývá hrana	judaista	judaizmus
přebývá hrana	kapitalista	kapitalizmus
přebývá hrana	kariérista	kariérizmus
přebývá hrana	klasicista	klasicizmus
přebývá hrana	kolektivista	kolektivizmus
přebývá hrana	kolonialista	kolonializmus
přebývá hrana	kolorista	kolorizmus
přebývá hrana	komercialista	komercializmus
přebývá hrana	komunista	komunizmus
přebývá hrana	antikomunista	antikomunizmus
přebývá hrana	konformista	konformizmus
přebývá hrana	nonkonformista	nonkonformizmus
přebývá hrana	konjunkturalista	konjunkturalizmus
přebývá hrana	konstruktivista	konstruktivizmus
přebývá hrana	kryptokomunista	kryptokomunizmus
přebývá hrana	kryptosocialista	kryptosocializmus
přebývá hrana	kubista	kubizmus
přebývá hrana	laxista	laxizmus
přebývá hrana	liberalista	liberalizmus
přebývá hrana	machiavelista	machiavelizmus
přebývá hrana	manýrista	manýrizmus
přebývá hrana	masochista	masochizmus
přebývá hrana	materialista	materializmus
přebývá hrana	maximalista	maximalizmus
přebývá hrana	mechanista	mechanizmus
přebývá hrana	mentalista	mentalizmus
přebývá hrana	merkantilista	merkantilizmus
přebývá hrana	mesianista	mesianizmus
přebývá hrana	metabolista	metabolizmus
přebývá hrana	militarista	militarizmus
přebývá hrana	antimilitarista	antimilitarizmus
přebývá hrana	minimalista	minimalizmus
přebývá hrana	modernista	modernizmus
přebývá hrana	antimodernista	antimodernizmus
přebývá hrana	monarchofašista	monarchofašizmus
přebývá hrana	monetarista	monetarizmus
přebývá hrana	monoteista	monoteizmus
přebývá hrana	monista	monizmus
přebývá hrana	moralista	moralizmus
přebývá hrana	motorista	motorizmus
přebývá hrana	nacionalista	nacionalizmus
přebývá hrana	nacionálsocialista	nacionálsocializmus
přebývá hrana	nacista	nacizmus
přebývá hrana	antinacista	antinacizmus
přebývá hrana	narkoterorista	narkoterorizmus
přebývá hrana	naturalista	naturalizmus
přebývá hrana	ultranaturalista	ultranaturalizmus
přebývá hrana	naturista	naturizmus
přebývá hrana	negativista	negativizmus
přebývá hrana	neoimperialista	neoimperializmus
přebývá hrana	neoizolacionista	neoizolacionizmus
přebývá hrana	neoklasicista	neoklasicizmus
přebývá hrana	neokomunista	neokomunizmus
přebývá hrana	neokonstruktivista	neokonstruktivizmus
přebývá hrana	neomarxista	neomarxizmus
přebývá hrana	neonacionalista	neonacionalizmus
přebývá hrana	neonacista	neonacizmus
přebývá hrana	neorealista	neorealizmus
přebývá hrana	neostalinista	neostalinizmus
přebývá hrana	neosurrealista	neosurrealizmus
přebývá hrana	neosymbolista	neosymbolizmus
přebývá hrana	nihilista	nihilizmus
přebývá hrana	nominalista	nominalizmus
přebývá hrana	novofašista	novofašizmus
přebývá hrana	novofunkcionalista	novofunkcionalizmus
přebývá hrana	novopozitivista	novopozitivizmus
přebývá hrana	novotomista	novotomizmus
přebývá hrana	nudista	nudizmus
přebývá hrana	objektivista	objektivizmus
přebývá hrana	okultista	okultizmus
přebývá hrana	oportunista	oportunizmus
přebývá hrana	optimista	optimizmus
přebývá hrana	pacifista	pacifizmus
přebývá hrana	panslavista	panslavizmus
přebývá hrana	panteista	panteizmus
přebývá hrana	parašutista	parašutizmus
přebývá hrana	paternalista	paternalizmus
přebývá hrana	perfekcionista	perfekcionizmus
přebývá hrana	personalista	personalizmus
přebývá hrana	pesimista	pesimizmus
přebývá hrana	pluralista	pluralizmus
přebývá hrana	poetista	poetizmus
přebývá hrana	populista	populizmus
přebývá hrana	postimpresionista	postimpresionizmus
přebývá hrana	postkomunista	postkomunizmus
přebývá hrana	postmodernista	postmodernizmus
přebývá hrana	pozitivista	pozitivizmus
přebývá hrana	pragmatista	pragmatizmus
přebývá hrana	pragocentrista	pragocentrizmus
přebývá hrana	prakticista	prakticizmus
přebývá hrana	protekcionista	protekcionizmus
přebývá hrana	purista	purizmus
přebývá hrana	racionalista	racionalizmus
přebývá hrana	radikalista	radikalizmus
přebývá hrana	rasista	rasizmus
přebývá hrana	iracionalista	iracionalizmus
přebývá hrana	realista	realizmus
přebývá hrana	recesista	recesizmus
přebývá hrana	recidivista	recidivizmus
přebývá hrana	reformista	reformizmus
přebývá hrana	regionalista	regionalizmus
přebývá hrana	relativista	relativizmus
přebývá hrana	revizionista	revizionizmus
přebývá hrana	rusocentrista	rusocentrizmus
přebývá hrana	semitista	semitizmus
přebývá hrana	sentimentalista	sentimentalizmus
přebývá hrana	separatista	separatizmus
přebývá hrana	skialpinista	skialpinizmus
přebývá hrana	sociálimperialista	sociálimperializmus
přebývá hrana	socialista	socializmus
přebývá hrana	solipsista	solipsizmus
přebývá hrana	spiritista	spiritizmus
přebývá hrana	subjektivista	subjektivizmus
přebývá hrana	suprasexdadaista	suprasexdadaizmus
přebývá hrana	symbolista	symbolizmus
přebývá hrana	syndikalista	syndikalizmus
přebývá hrana	taoista	taoizmus
přebývá hrana	teista	teizmus
přebývá hrana	ateista	ateizmus
přebývá hrana	polyteista	polyteizmus
přebývá hrana	bioterorista	bioterorizmus
přebývá hrana	ekoterorista	ekoterorizmus
přebývá hrana	terorista	terorizmus
přebývá hrana	antiterorista	antiterorizmus
přebývá hrana	thatcherista	thatcherizmus
přebývá hrana	tradeskancionalista	tradeskancionalizmus
přebývá hrana	transcendentalista	transcendentalizmus
přebývá hrana	ultraformalista	ultraformalizmus
přebývá hrana	ultraimperialista	ultraimperializmus
přebývá hrana	ultrakolonialista	ultrakolonializmus
přebývá hrana	ultranacionalista	ultranacionalizmus
přebývá hrana	unanimista	unanimizmus
přebývá hrana	unionista	unionizmus
přebývá hrana	unitarista	unitarizmus
přebývá hrana	urbanista	urbanizmus
přebývá hrana	utilitarianista	utilitarianizmus
přebývá hrana	utilitarista	utilitarizmus
přebývá hrana	utopista	utopizmus
přebývá hrana	utrakvista	utrakvizmus
přebývá hrana	velkokapitalista	velkokapitalizmus
přebývá hrana	verbalista	verbalizmus
přebývá hrana	verista	verizmus
přebývá hrana	viklefista	viklefizmus
přebývá hrana	virilista	virilizmus
přebývá hrana	voluntarista	voluntarizmus
přebývá hrana	wahhábista	wahhábizmus
přebývá hrana	čechoslovakista	čechoslovakizmus
přebývá hrana	šintoista	šintoizmus
přebývá hrana	šovinista	šovinizmus
přebývá hrana	žurnalista	žurnalizmus
*chybí hrana	istický	ismus
*
chybí hrana	alpinista	alpinismus
chybí hrana	bergsonista	bergsonismus
chybí hrana	bonapartista	bonapartismus
chybí hrana	frankista	frankismus
chybí hrana	kalvinista	kalvinismus
chybí hrana	leninista	leninismus
chybí hrana	maoista	maoismus
chybí hrana	marxista	marxismus
chybí hrana	sadista	sadismus
chybí hrana	sionista	sionismus
chybí hrana	stalinista	stalinismus
chybí hrana	abolicionista	abolicionismus
chybí hrana	absolutista	absolutismus
chybí hrana	adventista	adventismus
chybí hrana	aforista	aforismus
chybí hrana	akademista	akademismus
chybí hrana	akméista	akméismus
chybí hrana	aktivista	aktivismus
chybí hrana	alibista	alibismus
chybí hrana	altruista	altruismus
chybí hrana	anabaptista	anabaptismus
chybí hrana	anarchista	anarchismus
chybí hrana	anarchosyndikalista	anarchosyndikalismus
chybí hrana	animista	animismus
chybí hrana	antagonista	antagonismus
chybí hrana	archaista	archaismus
chybí hrana	arivista	arivismus
chybí hrana	atomista	atomismus
chybí hrana	austromarxista	austromarxismus
chybí hrana	autista	autismus
chybí hrana	automobilista	automobilismus
chybí hrana	avanturista	avanturismus
chybí hrana	baptista	baptismus
chybí hrana	behaviorista	behaviorismus
chybí hrana	bilingvista	bilingvismus
chybí hrana	blairista	blairismus
chybí hrana	carista	carismus
chybí hrana	centralista	centralismus
chybí hrana	cykloterorista	cykloterorismus
chybí hrana	cykloturista	cykloturismus
chybí hrana	dadaista	dadaismus
chybí hrana	darwinista	darwinismus
chybí hrana	defétista	defétismus
chybí hrana	deista	deismus
chybí hrana	determinista	determinismus
chybí hrana	dualista	dualismus
chybí hrana	dynamoarchista	dynamoarchismus
chybí hrana	džinista	džinismus
chybí hrana	egoista	egoismus
chybí hrana	ekologista	ekologismus
chybí hrana	ekonomista	ekonomismus
chybí hrana	environmentalista	environmentalismus
chybí hrana	eurokomunista	eurokomunismus
chybí hrana	eurooptimista	eurooptimismus
chybí hrana	eurorealista	eurorealismus
chybí hrana	evolucionista	evolucionismus
chybí hrana	exhibicionista	exhibicionismus
chybí hrana	existencialista	existencialismus
chybí hrana	expresionista	expresionismus
chybí hrana	fatalista	fatalismus
chybí hrana	fašista	fašismus
chybí hrana	antifašista	antifašismus
chybí hrana	neofašista	neofašismus
chybí hrana	federalista	federalismus
chybí hrana	feminista	feminismus
chybí hrana	fetišista	fetišismus
chybí hrana	feudalista	feudalismus
chybí hrana	formalista	formalismus
chybí hrana	fundamentalista	fundamentalismus
chybí hrana	funkcionalista	funkcionalismus
chybí hrana	futurista	futurismus
chybí hrana	globalista	globalismus
chybí hrana	hinduista	hinduismus
chybí hrana	humanista	humanismus
chybí hrana	hédonista	hédonismus
chybí hrana	idealista	idealismus
chybí hrana	iluzionista	iluzionismus
chybí hrana	imperialista	imperialismus
chybí hrana	antiimperialista	antiimperialismus
chybí hrana	impresionista	impresionismus
chybí hrana	individualista	individualismus
chybí hrana	intelektualista	intelektualismus
chybí hrana	internacionalista	internacionalismus
chybí hrana	iredentista	iredentismus
chybí hrana	antiislamista	antiislamismus
chybí hrana	izolacionista	izolacionismus
chybí hrana	judaista	judaismus
chybí hrana	kapitalista	kapitalismus
chybí hrana	kariérista	kariérismus
chybí hrana	klasicista	klasicismus
chybí hrana	kolektivista	kolektivismus
chybí hrana	kolonialista	kolonialismus
chybí hrana	kolorista	kolorismus
chybí hrana	komercialista	komercialismus
chybí hrana	komunista	komunismus
chybí hrana	antikomunista	antikomunismus
chybí hrana	konformista	konformismus
chybí hrana	nonkonformista	nonkonformismus
chybí hrana	konjunkturalista	konjunkturalismus
chybí hrana	konstruktivista	konstruktivismus
chybí hrana	kryptokomunista	kryptokomunismus
chybí hrana	kryptosocialista	kryptosocialismus
chybí hrana	kubista	kubismus
chybí hrana	laxista	laxismus
chybí hrana	liberalista	liberalismus
chybí hrana	machiavelista	machiavelismus
chybí hrana	manýrista	manýrismus
chybí hrana	masochista	masochismus
chybí hrana	materialista	materialismus
chybí hrana	maximalista	maximalismus
chybí hrana	mechanista	mechanismus
chybí hrana	mentalista	mentalismus
chybí hrana	merkantilista	merkantilismus
chybí hrana	mesianista	mesianismus
chybí hrana	metabolista	metabolismus
chybí hrana	militarista	militarismus
chybí hrana	antimilitarista	antimilitarismus
chybí hrana	minimalista	minimalismus
chybí hrana	modernista	modernismus
chybí hrana	antimodernista	antimodernismus
chybí hrana	monarchofašista	monarchofašismus
chybí hrana	monetarista	monetarismus
chybí hrana	monoteista	monoteismus
chybí hrana	monista	monismus
chybí hrana	moralista	moralismus
chybí hrana	motorista	motorismus
chybí hrana	nacionalista	nacionalismus
chybí hrana	nacionálsocialista	nacionálsocialismus
chybí hrana	nacista	nacismus
chybí hrana	antinacista	antinacismus
chybí hrana	narkoterorista	narkoterorismus
chybí hrana	naturalista	naturalismus
chybí hrana	ultranaturalista	ultranaturalismus
chybí hrana	naturista	naturismus
chybí hrana	negativista	negativismus
chybí hrana	neoimperialista	neoimperialismus
chybí hrana	neoizolacionista	neoizolacionismus
chybí hrana	neoklasicista	neoklasicismus
chybí hrana	neokomunista	neokomunismus
chybí hrana	neokonstruktivista	neokonstruktivismus
chybí hrana	neomarxista	neomarxismus
chybí hrana	neonacionalista	neonacionalismus
chybí hrana	neonacista	neonacismus
chybí hrana	neorealista	neorealismus
chybí hrana	neostalinista	neostalinismus
chybí hrana	neosurrealista	neosurrealismus
chybí hrana	neosymbolista	neosymbolismus
chybí hrana	nihilista	nihilismus
chybí hrana	nominalista	nominalismus
chybí hrana	novofašista	novofašismus
chybí hrana	novofunkcionalista	novofunkcionalismus
chybí hrana	novopozitivista	novopozitivismus
chybí hrana	novotomista	novotomismus
chybí hrana	nudista	nudismus
chybí hrana	objektivista	objektivismus
chybí hrana	okultista	okultismus
chybí hrana	oportunista	oportunismus
chybí hrana	optimista	optimismus
chybí hrana	pacifista	pacifismus
chybí hrana	panslavista	panslavismus
chybí hrana	panteista	panteismus
chybí hrana	parašutista	parašutismus
chybí hrana	paternalista	paternalismus
chybí hrana	perfekcionista	perfekcionismus
chybí hrana	personalista	personalismus
chybí hrana	pesimista	pesimismus
chybí hrana	pluralista	pluralismus
chybí hrana	poetista	poetismus
chybí hrana	populista	populismus
chybí hrana	postimpresionista	postimpresionismus
chybí hrana	postkomunista	postkomunismus
chybí hrana	postmodernista	postmodernismus
chybí hrana	pozitivista	pozitivismus
chybí hrana	pragmatista	pragmatismus
chybí hrana	pragocentrista	pragocentrismus
chybí hrana	prakticista	prakticismus
chybí hrana	protekcionista	protekcionismus
chybí hrana	purista	purismus
chybí hrana	racionalista	racionalismus
chybí hrana	radikalista	radikalismus
chybí hrana	rasista	rasismus
chybí hrana	iracionalista	iracionalismus
chybí hrana	realista	realismus
chybí hrana	recesista	recesismus
chybí hrana	recidivista	recidivismus
chybí hrana	reformista	reformismus
chybí hrana	regionalista	regionalismus
chybí hrana	relativista	relativismus
chybí hrana	revizionista	revizionismus
chybí hrana	rusocentrista	rusocentrismus
chybí hrana	semitista	semitismus
chybí hrana	sentimentalista	sentimentalismus
chybí hrana	separatista	separatismus
chybí hrana	skialpinista	skialpinismus
chybí hrana	sociálimperialista	sociálimperialismus
chybí hrana	socialista	socialismus
chybí hrana	solipsista	solipsismus
chybí hrana	spiritista	spiritismus
chybí hrana	subjektivista	subjektivismus
chybí hrana	suprasexdadaista	suprasexdadaismus
chybí hrana	symbolista	symbolismus
chybí hrana	syndikalista	syndikalismus
chybí hrana	taoista	taoismus
chybí hrana	teista	teismus
chybí hrana	ateista	ateismus
chybí hrana	polyteista	polyteismus
chybí hrana	bioterorista	bioterorismus
chybí hrana	ekoterorista	ekoterorismus
chybí hrana	terorista	terorismus
chybí hrana	antiterorista	antiterorismus
chybí hrana	thatcherista	thatcherismus
chybí hrana	tradeskancionalista	tradeskancionalismus
chybí hrana	transcendentalista	transcendentalismus
chybí hrana	ultraformalista	ultraformalismus
chybí hrana	ultraimperialista	ultraimperialismus
chybí hrana	ultrakolonialista	ultrakolonialismus
chybí hrana	ultranacionalista	ultranacionalismus
chybí hrana	unanimista	unanimismus
chybí hrana	unionista	unionismus
chybí hrana	unitarista	unitarismus
chybí hrana	urbanista	urbanismus
chybí hrana	utilitarianista	utilitarianismus
chybí hrana	utilitarista	utilitarismus
chybí hrana	utopista	utopismus
chybí hrana	utrakvista	utrakvismus
chybí hrana	velkokapitalista	velkokapitalismus
chybí hrana	verbalista	verbalismus
chybí hrana	verista	verismus
chybí hrana	viklefista	viklefismus
chybí hrana	virilista	virilismus
chybí hrana	voluntarista	voluntarismus
chybí hrana	wahhábista	wahhábismus
chybí hrana	čechoslovakista	čechoslovakismus
chybí hrana	šintoista	šintoismus
chybí hrana	šovinista	šovinismus
chybí hrana	žurnalista	žurnalismus
